poll_time,recorded_at_time,line_ref,direction_ref,operator_ref,vehicle_ref,origin_name,destination_name,origin_aimed_departure,destination_aimed_arrival,latitude,longitude,bearing
2026-07-24T09:12:34.370070,2026-07-24T09:11:58+00:00,281,inbound,AKSS,1466,Barnetts_Way,Parsonage_Close,2026-07-24T09:00:00+00:00,2026-07-24T09:32:00+00:00,51.142776,0.270208,221
2026-07-24T09:12:34.370070,2026-07-24T09:05:28+00:00,281,outbound,AKSS,1501,Parsonage_Close,Barnetts_Way,2026-07-24T08:37:00+00:00,2026-07-24T09:09:00+00:00,51.155201,0.275371,97
2026-07-24T09:12:34.370070,2026-07-23T21:06:56+00:00,277,outbound,AKSS,1502,Railway_Station,Tunbridge_Wells_Hospital,2026-07-23T20:45:00+00:00,2026-07-23T21:10:00+00:00,51.154758,0.295441,65
2026-07-24T09:12:34.370070,2026-07-24T09:12:12+00:00,277,outbound,AKSS,1503,Old_West_Station_Sainsbury_s,Tunbridge_Wells_Hospital,2026-07-24T09:13:00+00:00,2026-07-24T09:48:00+00:00,51.123778,0.255453,
2026-07-24T09:12:34.370070,2026-07-24T09:12:05+00:00,277,outbound,AKSS,1522,Railway_Station,Tunbridge_Wells_Hospital,2026-07-24T08:48:00+00:00,2026-07-24T09:18:00+00:00,51.153228,0.296604,177
2026-07-24T09:12:34.370070,2026-07-24T09:12:04+00:00,176,inbound,AKSS,1650,Alexandra_Hospital,Plantation_Road,,,51.38411,0.526501,152
2026-07-24T09:12:34.370070,2026-07-24T09:12:22+00:00,145,outbound,AKSS,1651,Waterfront_Bus_Station,The_George,,,51.384583,0.508071,175
2026-07-24T09:12:34.370070,2026-07-24T09:12:07+00:00,145,inbound,AKSS,1652,The_George,Waterfront_Bus_Station,,,51.360775,0.502305,14
2026-07-24T09:12:34.370070,2026-07-23T17:58:14+00:00,146,inbound,AKSS,1653,The_George,Waterfront_Bus_Station,,,51.384208,0.52368,
2026-07-24T09:12:34.370070,2026-07-24T09:11:56+00:00,145,inbound,AKSS,1654,The_George,Waterfront_Bus_Station,,,51.37788,0.507725,
2026-07-24T09:12:34.370070,2026-07-24T09:12:20+00:00,1,inbound,AKSS,1655,Chatham_Railway_Station,The_Strand,2026-07-24T09:00:00+00:00,2026-07-24T09:26:00+00:00,51.39472,0.530901,38
2026-07-24T09:12:34.370070,2026-07-24T09:12:11+00:00,281,outbound,AKSS,1656,Parsonage_Close,Barnetts_Way,2026-07-24T08:57:00+00:00,2026-07-24T09:29:00+00:00,51.129968,0.263421,10
2026-07-24T09:12:34.370070,2026-07-24T09:12:20+00:00,281,outbound,AKSS,1657,Parsonage_Close,Barnetts_Way,2026-07-24T09:17:00+00:00,2026-07-24T09:49:00+00:00,51.138775,0.22813,
2026-07-24T09:12:34.370070,2026-07-24T09:12:20+00:00,218,inbound,AKSS,1658,Pinnacles,Quarry_Hill_Parade,2026-07-24T09:05:00+00:00,2026-07-24T09:30:00+00:00,51.216005,0.292941,318
2026-07-24T09:12:34.370070,2026-07-23T17:09:14+00:00,281,outbound,AKSS,1659,Parsonage_Close,Barnetts_Way,,,51.1382,0.228016,
2026-07-24T09:12:34.370070,2026-07-24T09:11:52+00:00,277,inbound,AKSS,2484,Tunbridge_Wells_Hospital,Old_West_Station_Sainsbury_s,2026-07-24T09:00:00+00:00,2026-07-24T09:33:00+00:00,51.149181,0.285656,94
2026-07-24T09:12:34.370070,2026-07-24T09:12:17+00:00,219,inbound,AKSS,2951,Pinnacles,Tunbridge_Wells_Hospital,2026-07-24T08:50:00+00:00,2026-07-24T09:27:00+00:00,51.204395,0.277556,166
2026-07-24T09:12:34.370070,2026-07-23T12:06:01+00:00,218,inbound,AKSS,2956,Pinnacles,Quarry_Hill_Parade,2026-07-23T11:35:00+00:00,2026-07-23T12:00:00+00:00,51.200001,0.276436,
2026-07-24T09:12:34.370070,2026-07-24T06:09:10+00:00,6H,inbound,AKSS,3020,Railway_Station,Tunbridge_Wells_Hospital,2026-07-24T05:48:00+00:00,2026-07-24T06:05:00+00:00,51.14812,0.307403,
2026-07-24T09:12:34.370070,2026-07-23T17:12:19+00:00,402,inbound,AKSS,3908,Old_West_Station_Sainsbury_s,Knole_Academy,,,51.271293,0.193503,
2026-07-24T09:12:34.370070,2026-07-24T09:12:10+00:00,89,inbound,AKSS,4071,Spice_Lounge,King_Street,2026-07-24T08:47:00+00:00,2026-07-24T09:10:00+00:00,51.24648,0.524623,
2026-07-24T09:12:34.370070,2026-07-24T09:12:00+00:00,85,inbound,AKSS,4072,Hever_Close,Chequers_Bus_Station,2026-07-24T09:00:00+00:00,2026-07-24T09:19:00+00:00,51.259058,0.541783,30
2026-07-24T09:12:34.370070,2026-07-24T09:12:17+00:00,82,outbound,AKSS,4074,Royal_Star_Arcade,Parade,2026-07-24T09:10:00+00:00,2026-07-24T09:32:00+00:00,51.27292,0.526533,204
2026-07-24T09:12:34.370070,2026-07-24T09:12:20+00:00,82,outbound,AKSS,4075,Royal_Star_Arcade,Parade,2026-07-24T08:58:00+00:00,2026-07-24T09:20:00+00:00,51.254468,0.535315,131
2026-07-24T09:12:34.370070,2026-07-24T09:12:15+00:00,116,outbound,AKSS,4142,Waterfront_Bus_Station,Hempstead_Valley_Shopping_Centre,2026-07-24T08:10:00+00:00,2026-07-24T09:11:00+00:00,51.337115,0.584298,296
2026-07-24T09:12:34.370070,2026-07-24T09:12:20+00:00,164,inbound,AKSS,4143,Chatham_Grove,Waterfront_Bus_Station,2026-07-24T09:04:00+00:00,2026-07-24T09:24:00+00:00,51.373101,0.527118,96
2026-07-24T09:12:34.370070,2026-07-24T09:10:10+00:00,2,outbound,AKSS,4144,Dockside_Outlet,Chatham_Railway_Station,2026-07-24T09:02:00+00:00,2026-07-24T09:13:00+00:00,51.385021,0.524253,
2026-07-24T09:12:34.370070,2026-07-24T09:12:17+00:00,700,inbound,AKSS,4145,Waterfront_Bus_Station,Bus_Station,2026-07-24T09:10:00+00:00,2026-07-24T09:52:00+00:00,51.384453,0.523646,
2026-07-24T09:12:34.370070,2026-07-24T09:12:02+00:00,700,inbound,AKSS,4146,Waterfront_Bus_Station,Bus_Station,2026-07-24T08:50:00+00:00,2026-07-24T09:32:00+00:00,51.392195,0.468661,281
2026-07-24T09:12:34.370070,2026-07-23T15:28:59+00:00,191,inbound,AKSS,4150,Marina,Waterfront_Bus_Station,2026-07-23T13:14:00+00:00,2026-07-23T13:58:00+00:00,51.402735,0.513503,
2026-07-24T09:12:34.370070,2026-07-24T09:12:18+00:00,164,outbound,AKSS,4152,Waterfront_Bus_Station,Chatham_Grove,2026-07-24T09:10:00+00:00,2026-07-24T09:22:00+00:00,51.384858,0.52438,
2026-07-24T09:12:34.370070,2026-07-24T09:11:52+00:00,166,outbound,AKSS,4154,Chatham_Railway_Station,Lordswood_Close,,,51.359581,0.545806,
2026-07-24T09:12:34.370070,2026-07-24T09:12:15+00:00,219,outbound,AKSS,4217,Quarry_Hill_Parade,Pinnacles,2026-07-24T09:10:00+00:00,2026-07-24T09:19:00+00:00,51.194038,0.273705,27
2026-07-24T09:12:34.370070,2026-07-24T09:12:21+00:00,116,inbound,AKSS,4219,Hempstead_Valley_Shopping_Centre,Waterfront_Bus_Station,2026-07-24T08:21:00+00:00,2026-07-24T09:26:00+00:00,51.370268,0.572236,284
2026-07-24T09:12:34.370070,2026-07-24T09:12:13+00:00,132,outbound,AKSS,4220,Hempstead_Valley_Shopping_Centre,Waterfront_Bus_Station,2026-07-24T08:38:00+00:00,2026-07-24T09:22:00+00:00,51.367273,0.58943,291
2026-07-24T09:12:34.370070,2026-07-24T09:07:51+00:00,1,outbound,AKSS,4221,The_Strand,Chatham_Railway_Station,2026-07-24T09:06:00+00:00,2026-07-24T09:28:00+00:00,51.394801,0.555415,268
2026-07-24T09:12:34.370070,2026-07-24T09:12:18+00:00,177,outbound,AKSS,4222,Waterfront_Bus_Station,Village_Centre,2026-07-24T08:39:00+00:00,2026-07-24T09:07:00+00:00,51.340328,0.525395,
2026-07-24T09:12:34.370070,2026-07-24T09:12:01+00:00,132,outbound,AKSS,4223,Hempstead_Valley_Shopping_Centre,Waterfront_Bus_Station,2026-07-24T08:52:00+00:00,2026-07-24T09:36:00+00:00,51.353383,0.59838,34
2026-07-24T09:12:34.370070,2026-07-23T16:29:54+00:00,140,outbound,AKSS,4224,Bligh_Way_Shops,Waterfront_Bus_Station,2026-07-23T15:56:00+00:00,2026-07-23T16:29:00+00:00,51.384666,0.524025,
2026-07-24T09:12:34.370070,2026-07-24T08:46:44+00:00,116,inbound,AKSS,4261,Hempstead_Valley_Shopping_Centre,Waterfront_Bus_Station,2026-07-24T07:46:00+00:00,2026-07-24T08:56:00+00:00,51.39663,0.540056,
2026-07-24T09:12:34.370070,2026-07-24T09:12:17+00:00,175,inbound,AKSS,4262,Waterfront_Bus_Station,King_Street,,,51.388193,0.545401,91
2026-07-24T09:12:34.370070,2026-07-24T09:05:34+00:00,175,outbound,AKSS,4263,King_Street,Waterfront_Bus_Station,,,51.38498,0.524148,
2026-07-24T09:12:34.370070,2026-07-24T09:12:23+00:00,176,outbound,AKSS,4264,Plantation_Road,Village_Centre,2026-07-24T09:17:00+00:00,2026-07-24T10:16:00+00:00,51.388551,0.573076,296
2026-07-24T09:12:34.370070,2026-07-24T09:12:01+00:00,132,inbound,AKSS,4266,Waterfront_Bus_Station,Hempstead_Valley_Shopping_Centre,2026-07-24T08:30:00+00:00,2026-07-24T09:10:00+00:00,51.342616,0.578615,196
2026-07-24T09:12:34.370070,2026-07-24T09:12:17+00:00,176,outbound,AKSS,4268,Plantation_Road,Village_Centre,2026-07-24T08:17:00+00:00,2026-07-24T09:16:00+00:00,51.34003,0.518884,165
2026-07-24T09:12:34.370070,2026-07-24T09:12:02+00:00,177,inbound,AKSS,4269,Alexandra_Hospital,Plantation_Road,,,51.368918,0.546361,66
2026-07-24T09:12:34.370070,2026-07-24T09:03:02+00:00,132,outbound,AKSS,4270,Hempstead_Valley_Shopping_Centre,Waterfront_Bus_Station,2026-07-24T08:24:00+00:00,2026-07-24T09:08:00+00:00,51.382855,0.522523,
2026-07-24T09:12:34.370070,2026-07-24T09:05:04+00:00,182,inbound,AKSS,4271,Beechings_Green,Waterfront_Bus_Station,2026-07-24T08:35:00+00:00,2026-07-24T09:02:00+00:00,51.385406,0.525218,244
2026-07-24T09:12:34.370070,2026-07-24T09:12:18+00:00,140,outbound,AKSS,4272,Bligh_Way_Shops,Waterfront_Bus_Station,,,51.384921,0.524579,
2026-07-24T09:12:34.370070,2026-07-24T09:12:12+00:00,182,inbound,AKSS,4273,Beechings_Green,Waterfront_Bus_Station,2026-07-24T08:47:00+00:00,2026-07-24T09:14:00+00:00,51.38543,0.525221,188
2026-07-24T09:12:34.370070,2026-07-24T05:42:05+00:00,166,inbound,AKSS,4280,The_Kestrel_Shopping_Centre,Waterfront_Bus_Station,2026-07-24T04:40:00+00:00,2026-07-24T05:13:00+00:00,51.380675,0.52141,
2026-07-24T09:12:34.370070,2026-07-23T17:02:06+00:00,191,inbound,AKSS,4281,Lapwing_Road,Waterfront_Bus_Station,,,51.433823,0.563891,
2026-07-24T09:12:34.370070,2026-07-24T09:12:16+00:00,85,outbound,AKSS,4282,Chequers_Bus_Station,Hever_Close,2026-07-24T09:10:00+00:00,2026-07-24T09:28:00+00:00,51.272913,0.526448,
2026-07-24T09:12:34.370070,2026-07-24T09:12:17+00:00,12,inbound,AKSS,4283,The_Vine,Royal_Star_Arcade,2026-07-24T08:30:00+00:00,2026-07-24T09:31:00+00:00,51.211328,0.59034,4
2026-07-24T09:12:34.370070,2026-07-24T07:59:56+00:00,85,inbound,AKSS,4284,Hever_Close,Chequers_Bus_Station,2026-07-24T07:38:00+00:00,2026-07-24T08:04:00+00:00,51.273186,0.526601,
2026-07-24T09:12:34.370070,2026-07-24T09:12:22+00:00,182,outbound,AKSS,4289,Waterfront_Bus_Station,Beechings_Green,2026-07-24T09:05:00+00:00,2026-07-24T09:32:00+00:00,51.388538,0.545038,136
2026-07-24T09:12:34.370070,2026-07-24T09:12:06+00:00,191,outbound,AKSS,4290,Waterfront_Bus_Station,Lapwing_Road,,,51.43642,0.568258,39
2026-07-24T09:12:34.370070,2026-07-24T09:12:24+00:00,132,inbound,AKSS,4291,Waterfront_Bus_Station,Hempstead_Valley_Shopping_Centre,2026-07-24T08:45:00+00:00,2026-07-24T09:25:00+00:00,51.357298,0.604163,
2026-07-24T09:12:34.370070,2026-07-24T09:12:18+00:00,166,inbound,AKSS,4292,The_Kestrel_Shopping_Centre,Waterfront_Bus_Station,,,51.348258,0.53338,14
2026-07-24T09:12:34.370070,2026-07-23T22:48:57+00:00,132,inbound,AKSS,4293,Waterfront_Bus_Station,Hempstead_Valley_Shopping_Centre,2026-07-23T22:23:00+00:00,2026-07-23T22:52:00+00:00,51.342448,0.580056,335
2026-07-24T09:12:34.370070,2026-07-24T09:12:19+00:00,12,outbound,AKSS,4296,Royal_Star_Arcade,The_Vine,2026-07-24T08:15:00+00:00,2026-07-24T09:17:00+00:00,51.10958,0.645623,191
2026-07-24T09:12:34.370070,2026-07-24T09:11:59+00:00,166,outbound,AKSS,4298,Chatham_Railway_Station,Lordswood_Close,,,51.383938,0.526778,
2026-07-24T09:12:34.370070,2026-07-24T09:12:06+00:00,140,inbound,AKSS,4299,Waterfront_Bus_Station,Bligh_Way_Shops,,,51.389113,0.47104,267
2026-07-24T09:12:34.370070,2026-07-24T08:54:36+00:00,177,inbound,AKSS,4300,Alexandra_Hospital,Plantation_Road,,,51.38508,0.524516,
2026-07-24T09:12:34.370070,2026-07-24T09:12:19+00:00,182,inbound,AKSS,4308,Beechings_Green,Waterfront_Bus_Station,2026-07-24T09:11:00+00:00,2026-07-24T09:38:00+00:00,51.375891,0.586595,223
2026-07-24T09:12:34.370070,2026-07-24T09:11:58+00:00,166,inbound,AKSS,4312,The_Kestrel_Shopping_Centre,Waterfront_Bus_Station,,,51.335135,0.543598,285
2026-07-24T09:12:34.370070,2026-07-24T09:11:51+00:00,133,outbound,AKSS,4313,The_Six_Bells,Post_Office,2026-07-24T09:00:00+00:00,2026-07-24T09:28:00+00:00,51.431745,0.498563,202
2026-07-24T09:12:34.370070,2026-07-24T09:12:00+00:00,132,outbound,AKSS,4314,Hempstead_Valley_Shopping_Centre,Waterfront_Bus_Station,2026-07-24T09:06:00+00:00,2026-07-24T09:50:00+00:00,51.340036,0.581493,
2026-07-24T09:12:34.370070,2026-07-24T09:12:11+00:00,182,outbound,AKSS,4316,Waterfront_Bus_Station,Beechings_Green,2026-07-24T08:53:00+00:00,2026-07-24T09:20:00+00:00,51.381438,0.567036,349
2026-07-24T09:12:34.370070,2026-07-24T09:12:20+00:00,166,inbound,AKSS,4317,The_Kestrel_Shopping_Centre,Waterfront_Bus_Station,,,51.37508,0.538881,341
2026-07-24T09:12:34.370070,2026-07-24T09:12:19+00:00,116,inbound,AKSS,4319,Hempstead_Valley_Shopping_Centre,Waterfront_Bus_Station,2026-07-24T08:51:00+00:00,2026-07-24T09:56:00+00:00,51.355461,0.591666,341
2026-07-24T09:12:34.370070,2026-07-24T09:12:10+00:00,3,inbound,AKSS,4340,Maidstone_Hospital,Chequers_Bus_Station,2026-07-24T09:16:00+00:00,2026-07-24T09:34:00+00:00,51.273885,0.483223,
2026-07-24T09:12:34.370070,2026-07-23T19:13:07+00:00,3,outbound,AKSS,4341,Chequers_Bus_Station,Maidstone_Hospital,2026-07-23T18:55:00+00:00,2026-07-23T19:12:00+00:00,51.273721,0.483211,
2026-07-24T09:12:34.370070,2026-07-24T09:12:23+00:00,218,outbound,AKSS,4349,Tunbridge_Wells_Hospital,Pinnacles,2026-07-24T09:13:00+00:00,2026-07-24T09:34:00+00:00,51.147773,0.307043,
2026-07-24T09:12:34.370070,2026-07-24T09:12:13+00:00,82,inbound,AKSS,4350,Parade,Royal_Star_Arcade,2026-07-24T09:00:00+00:00,2026-07-24T09:22:00+00:00,51.254611,0.53513,307
2026-07-24T09:12:34.370070,2026-07-24T09:12:03+00:00,3,inbound,AKSS,4351,Maidstone_Hospital,Chequers_Bus_Station,2026-07-24T08:56:00+00:00,2026-07-24T09:14:00+00:00,51.271953,0.514544,110
2026-07-24T09:12:34.370070,2026-07-24T09:12:10+00:00,82,outbound,AKSS,4352,Royal_Star_Arcade,Parade,2026-07-24T09:22:00+00:00,2026-07-24T09:44:00+00:00,51.273426,0.521595,
2026-07-24T09:12:34.370070,2026-07-23T13:28:47+00:00,7,outbound,AKSS,4355,Chequers_Bus_Station,Railway_Station,2026-07-23T11:36:00+00:00,2026-07-23T13:04:00+00:00,51.273366,0.521665,
2026-07-24T09:12:34.370070,2026-07-24T09:11:55+00:00,3,outbound,AKSS,4471,Chequers_Bus_Station,Maidstone_Hospital,2026-07-24T09:10:00+00:00,2026-07-24T09:30:00+00:00,51.273831,0.524656,289
2026-07-24T09:12:34.370070,2026-07-24T09:12:22+00:00,6,inbound,AKSS,5457,Railway_Station,Chequers_Bus_Station,2026-07-24T08:30:00+00:00,2026-07-24T09:53:00+00:00,51.185636,0.387816,18
2026-07-24T09:12:34.370070,2026-07-23T16:28:33+00:00,219,inbound,AKSS,5458,Pinnacles,Tunbridge_Wells_Hospital,2026-07-23T15:32:00+00:00,2026-07-23T16:16:00+00:00,51.160498,0.295956,
2026-07-24T09:12:34.370070,2026-07-24T09:12:07+00:00,176,outbound,AKSS,5459,Plantation_Road,Village_Centre,2026-07-24T08:47:00+00:00,2026-07-24T09:46:00+00:00,51.375955,0.547043,178
2026-07-24T09:12:34.370070,2026-07-24T09:12:05+00:00,132,inbound,AKSS,5460,Waterfront_Bus_Station,Hempstead_Valley_Shopping_Centre,2026-07-24T09:00:00+00:00,2026-07-24T09:40:00+00:00,51.376056,0.542445,120
2026-07-24T09:12:34.370070,2026-07-24T09:03:12+00:00,133,outbound,AKSS,5463,The_Six_Bells,Waterfront_Bus_Station,2026-07-24T08:30:00+00:00,2026-07-24T09:03:00+00:00,51.382495,0.522763,302
2026-07-24T09:12:34.370070,2026-07-24T09:12:14+00:00,191,inbound,AKSS,5466,Lapwing_Road,Waterfront_Bus_Station,,,51.397223,0.495668,
2026-07-24T09:12:34.370070,2026-07-24T09:12:18+00:00,71,outbound,AKSS,5467,Chequers_Bus_Station,Railway_Station,2026-07-24T09:06:00+00:00,2026-07-24T10:01:00+00:00,51.273726,0.524498,285
2026-07-24T09:12:34.370070,2026-07-24T09:12:01+00:00,402,inbound,AKSS,6141,Old_West_Station_Sainsbury_s,Knole_Academy,,,51.160851,0.256881,
2026-07-24T09:12:34.370070,2026-07-24T09:12:00+00:00,402,inbound,AKSS,6143,Old_West_Station_Sainsbury_s,Knole_Academy,,,51.267626,0.193736,1
2026-07-24T09:12:34.370070,2026-07-23T18:42:41+00:00,402,outbound,AKSS,6151,Bus_Station,Railway_Station,2026-07-23T18:00:00+00:00,2026-07-23T18:46:00+00:00,51.132508,0.26351,
2026-07-24T09:12:34.370070,2026-07-24T09:11:56+00:00,402,outbound,AKSS,6200,Rose_and_Crown,Old_West_Station_Sainsbury_s,,,51.220123,0.232576,131
2026-07-24T09:12:34.370070,2026-07-24T09:12:20+00:00,402,outbound,AKSS,6202,Rose_and_Crown,Old_West_Station_Sainsbury_s,,,51.184203,0.265723,192
2026-07-24T09:12:34.370070,2026-07-23T17:19:58+00:00,6,inbound,AKSS,6203,Railway_Station,Invicta_Girls__Grammar_School,,,51.217791,0.393785,109
2026-07-24T09:12:34.370070,2026-07-24T09:12:06+00:00,6,outbound,AKSS,6204,Chequers_Bus_Station,Railway_Station,2026-07-24T08:00:00+00:00,2026-07-24T09:23:00+00:00,51.144465,0.312483,
2026-07-24T09:12:34.370070,2026-07-24T09:12:18+00:00,6,outbound,AKSS,6205,Chequers_Bus_Station,Railway_Station,2026-07-24T09:00:00+00:00,2026-07-24T10:23:00+00:00,51.268018,0.48906,271
2026-07-24T09:12:34.370070,2026-07-24T09:12:13+00:00,82,inbound,AKSS,6402,Parade,Royal_Star_Arcade,2026-07-24T09:12:00+00:00,2026-07-24T09:34:00+00:00,51.240336,0.556801,
2026-07-24T09:12:34.370070,2026-07-24T09:12:17+00:00,71,inbound,AKSS,6472,Railway_Station,Chequers_Bus_Station,2026-07-24T08:44:00+00:00,2026-07-24T09:42:00+00:00,51.307305,0.43445,195
2026-07-24T09:12:34.370070,2026-07-24T08:34:21+00:00,100,inbound,AKSS,6473,Goldcrest_Drive,Waterfront_Bus_Station,2026-07-24T08:16:00+00:00,2026-07-24T08:24:00+00:00,51.385095,0.524346,
2026-07-24T09:12:34.370070,2026-07-24T09:12:21+00:00,116,outbound,AKSS,6474,Waterfront_Bus_Station,Hempstead_Valley_Shopping_Centre,2026-07-24T08:40:00+00:00,2026-07-24T09:41:00+00:00,51.370228,0.573045,104
2026-07-24T09:12:34.370070,2026-07-23T23:20:55+00:00,132,inbound,AKSS,6475,Waterfront_Bus_Station,Hempstead_Valley_Shopping_Centre,2026-07-23T22:53:00+00:00,2026-07-23T23:22:00+00:00,51.340506,0.573029,
2026-07-24T09:12:34.370070,2026-07-23T17:08:46+00:00,101,inbound,AKSS,6476,Shops,Chequers_Bus_Station,,,51.273618,0.527021,
2026-07-24T09:12:34.370070,2026-07-23T11:53:26+00:00,155,outbound,AKSS,6477,Village_Surgery,Waterfront_Bus_Station,2026-07-23T11:40:00+00:00,2026-07-23T11:56:00+00:00,51.38229,0.522801,30
2026-07-24T09:12:34.370070,2026-07-23T16:37:42+00:00,101,inbound,AKSS,6478,Shops,Chequers_Bus_Station,,,51.272405,0.5268,
2026-07-24T09:12:34.370070,2026-07-24T09:12:00+00:00,700,outbound,AKSS,6479,Bus_Station,Waterfront_Bus_Station,2026-07-24T08:59:00+00:00,2026-07-24T09:38:00+00:00,51.416375,0.357928,115
2026-07-24T09:12:34.370070,2026-07-24T09:12:23+00:00,191,outbound,AKSS,6480,Waterfront_Bus_Station,Lapwing_Road,,,51.381988,0.522621,207
2026-07-24T09:12:34.370070,2026-07-23T17:47:30+00:00,175,inbound,AKSS,6481,Waterfront_Bus_Station,King_Street,,,51.387455,0.54911,
2026-07-24T09:12:34.370070,2026-07-24T09:12:17+00:00,7,inbound,AKSS,6482,Railway_Station,Chequers_Bus_Station,2026-07-24T08:40:00+00:00,2026-07-24T09:58:00+00:00,51.195941,0.275171,
2026-07-24T09:12:34.370070,2026-07-23T17:54:37+00:00,191,outbound,AKSS,6483,Waterfront_Bus_Station,Lapwing_Road,,,51.386648,0.550875,
2026-07-24T09:12:34.370070,2026-07-24T09:12:00+00:00,100,inbound,AKSS,6484,Goldcrest_Drive,Waterfront_Bus_Station,2026-07-24T09:06:00+00:00,2026-07-24T09:14:00+00:00,51.405175,0.539996,228
2026-07-24T09:12:34.370070,2026-07-24T09:11:54+00:00,6X,outbound,AKSS,6492,Maidstone_Hospital,Tunbridge_Wells_Hospital,2026-07-24T09:17:00+00:00,2026-07-24T09:53:00+00:00,51.27352,0.483221,
2026-07-24T09:12:34.370070,2026-07-24T09:12:04+00:00,7,outbound,AKSS,6500,Chequers_Bus_Station,Railway_Station,2026-07-24T08:06:00+00:00,2026-07-24T09:34:00+00:00,51.184725,0.266,191
2026-07-24T09:12:34.370070,2026-07-24T09:12:20+00:00,6X,outbound,AKSS,6501,Maidstone_Hospital,Tunbridge_Wells_Hospital,2026-07-24T08:35:00+00:00,2026-07-24T09:10:00+00:00,51.148298,0.306535,6
2026-07-24T09:12:34.370070,2026-07-24T08:23:21+00:00,7,inbound,AKSS,6502,Railway_Station,Chequers_Bus_Station,2026-07-24T06:54:00+00:00,2026-07-24T08:23:00+00:00,51.273386,0.526721,
2026-07-24T09:12:34.370070,2026-07-24T09:12:19+00:00,9,inbound,AKSS,6503,Tesco,Chequers_Bus_Station,2026-07-24T08:58:00+00:00,2026-07-24T09:12:00+00:00,51.273363,0.531321,233
2026-07-24T09:12:34.370070,2026-07-24T09:12:15+00:00,71,inbound,AKSS,6504,Lunsford_Park_Tesco,Chequers_Bus_Station,2026-07-24T08:44:00+00:00,2026-07-24T09:20:00+00:00,51.2766,0.508484,157
2026-07-24T09:12:34.370070,2026-07-24T09:11:54+00:00,72,outbound,AKSS,6505,Chequers_Bus_Station,Asda,2026-07-24T08:35:00+00:00,2026-07-24T09:25:00+00:00,51.29401,0.408601,190
2026-07-24T09:12:34.370070,2026-07-24T09:12:14+00:00,12,inbound,AKSS,6509,The_Vine,Royal_Star_Arcade,2026-07-24T08:55:00+00:00,2026-07-24T09:55:00+00:00,51.084881,0.691528,327
2026-07-24T09:12:34.370070,2026-07-24T09:11:58+00:00,85,outbound,AKSS,6510,Chequers_Bus_Station,Hever_Close,2026-07-24T08:55:00+00:00,2026-07-24T09:13:00+00:00,51.261376,0.535183,149
2026-07-24T09:12:34.370070,2026-07-24T09:12:10+00:00,12,outbound,AKSS,6511,Royal_Star_Arcade,The_Vine,2026-07-24T08:45:00+00:00,2026-07-24T09:47:00+00:00,51.239431,0.574555,105
2026-07-24T09:12:34.370070,2026-07-24T09:11:59+00:00,71,outbound,AKSS,6512,Chequers_Bus_Station,Lunsford_Park_Tesco,2026-07-24T08:45:00+00:00,2026-07-24T09:19:00+00:00,51.300436,0.44208,24
2026-07-24T09:12:34.370070,2026-07-24T09:12:12+00:00,89,outbound,AKSS,6513,King_Street,Spice_Lounge,2026-07-24T08:49:00+00:00,2026-07-24T09:15:00+00:00,51.232535,0.514286,
2026-07-24T09:12:34.370070,2026-07-24T09:12:20+00:00,5,inbound,AKSS,6514,The_Eight_Bells,Chequers_Bus_Station,2026-07-24T07:59:00+00:00,2026-07-24T09:11:00+00:00,51.233525,0.514863,21
2026-07-24T09:12:34.370070,2026-07-24T09:12:19+00:00,5,outbound,AKSS,6516,Oakwood_Park,The_Eight_Bells,,,51.164815,0.552868,
2026-07-24T09:12:34.370070,2026-07-24T09:12:14+00:00,7,outbound,AKSS,6520,Chequers_Bus_Station,Railway_Station,2026-07-24T08:36:00+00:00,2026-07-24T10:04:00+00:00,51.238886,0.367508,198
2026-07-24T09:12:34.370070,2026-07-24T09:12:09+00:00,7,inbound,AKSS,6522,Railway_Station,Chequers_Bus_Station,2026-07-24T09:10:00+00:00,2026-07-24T10:28:00+00:00,51.132975,0.263466,
2026-07-24T09:12:34.370070,2026-07-24T09:12:23+00:00,6X,inbound,AKSS,6532,Tunbridge_Wells_Hospital,Maidstone_Hospital,2026-07-24T08:38:00+00:00,2026-07-24T09:12:00+00:00,51.271273,0.482601,359
2026-07-24T09:12:34.370070,2026-07-24T09:12:18+00:00,7,inbound,AKSS,6533,Railway_Station,Chequers_Bus_Station,2026-07-24T08:10:00+00:00,2026-07-24T09:29:00+00:00,51.253876,0.446531,64
2026-07-24T09:12:34.370070,2026-07-24T09:12:12+00:00,12,inbound,AKSS,6535,The_Vine,Royal_Star_Arcade,2026-07-24T08:05:00+00:00,2026-07-24T09:07:00+00:00,51.257953,0.53107,353
2026-07-24T09:12:34.370070,2026-07-24T09:12:16+00:00,71,outbound,AKSS,6537,Chequers_Bus_Station,Railway_Station,2026-07-24T08:24:00+00:00,2026-07-24T09:19:00+00:00,51.33643,0.440883,21
2026-07-24T09:12:34.370070,2026-07-24T09:12:23+00:00,4,inbound,AKSS,6538,Pennine_Way,Chequers_Bus_Station,2026-07-24T09:13:00+00:00,2026-07-24T09:30:00+00:00,51.260063,0.568386,
2026-07-24T09:12:34.370070,2026-07-24T09:12:06+00:00,7,outbound,AKSS,6539,Chequers_Bus_Station,Railway_Station,2026-07-24T09:06:00+00:00,2026-07-24T10:34:00+00:00,51.273941,0.523714,275
2026-07-24T09:12:34.370070,2026-07-24T08:01:09+00:00,7,outbound,AKSS,6541,Chequers_Bus_Station,Railway_Station,2026-07-24T06:27:00+00:00,2026-07-24T08:10:00+00:00,51.130755,0.263223,
2026-07-24T09:12:34.370070,2026-07-24T09:12:22+00:00,72,inbound,AKSS,6542,Asda,Chequers_Bus_Station,2026-07-24T08:33:00+00:00,2026-07-24T09:30:00+00:00,51.297813,0.460713,109
2026-07-24T09:12:34.370070,2026-07-24T09:12:03+00:00,140,outbound,AKSS,6543,Bligh_Way_Shops,Waterfront_Bus_Station,2026-07-24T08:56:00+00:00,2026-07-24T09:28:00+00:00,51.395588,0.495288,114
2026-07-24T09:12:34.370070,2026-07-24T09:02:56+00:00,133,inbound,AKSS,6558,Waterfront_Bus_Station,The_Six_Bells,2026-07-24T08:45:00+00:00,2026-07-24T09:22:00+00:00,51.40632,0.491948,
2026-07-24T09:12:34.370070,2026-07-24T09:12:16+00:00,101,outbound,AKSS,6559,Chequers_Bus_Station,Duncan_Road,2026-07-24T08:59:00+00:00,2026-07-24T09:49:00+00:00,51.278281,0.521441,345
2026-07-24T09:12:34.370070,2026-07-24T09:12:12+00:00,101,inbound,AKSS,6561,Shops,Chequers_Bus_Station,,,51.278606,0.5211,134
2026-07-24T09:12:34.370070,2026-07-24T09:12:12+00:00,101,outbound,AKSS,6562,Chequers_Bus_Station,Duncan_Road,2026-07-24T09:09:00+00:00,2026-07-24T09:59:00+00:00,51.274078,0.520144,337
2026-07-24T09:12:34.370070,2026-07-24T09:12:12+00:00,101,inbound,AKSS,6563,Shops,Chequers_Bus_Station,,,51.277163,0.520613,172
2026-07-24T09:12:34.370070,2026-07-24T08:35:04+00:00,191,outbound,AKSS,6564,Waterfront_Bus_Station,Lapwing_Road,,,51.41805,0.528071,
2026-07-24T09:12:34.370070,2026-07-24T09:12:11+00:00,101,outbound,AKSS,6565,Chequers_Bus_Station,Beechings_Green,,,51.349775,0.507928,7
2026-07-24T09:12:34.370070,2026-07-24T09:12:14+00:00,101,outbound,AKSS,6566,Chequers_Bus_Station,Beechings_Green,,,51.381906,0.522525,26
2026-07-24T09:12:34.370070,2026-07-24T09:12:04+00:00,101,inbound,AKSS,6567,Duncan_Road,Chequers_Bus_Station,2026-07-24T09:01:00+00:00,2026-07-24T09:51:00+00:00,51.387105,0.524483,204
2026-07-24T09:12:34.370070,2026-07-24T08:23:12+00:00,101,outbound,AKSS,6568,Chequers_Bus_Station,Beechings_Green,,,51.260271,0.523733,
2026-07-24T09:12:34.370070,2026-07-24T09:11:59+00:00,101,inbound,AKSS,6569,Duncan_Road,Chequers_Bus_Station,2026-07-24T09:11:00+00:00,2026-07-24T10:01:00+00:00,51.384095,0.550375,359
2026-07-24T09:12:34.370070,2026-07-24T09:12:19+00:00,101,outbound,AKSS,6570,Chequers_Bus_Station,Beechings_Green,,,51.392256,0.532641,116
2026-07-24T09:12:34.370070,2026-07-24T09:12:14+00:00,101,inbound,AKSS,6571,Duncan_Road,Chequers_Bus_Station,2026-07-24T08:41:00+00:00,2026-07-24T09:31:00+00:00,51.34621,0.507516,199
2026-07-24T09:12:34.370070,2026-07-23T11:16:43+00:00,182,inbound,AKSS,SP_GM,Beechings_Green,Waterfront_Bus_Station,2026-07-23T10:59:00+00:00,2026-07-23T11:26:00+00:00,51.384143,0.550363,
2026-07-24T09:12:34.370070,2026-07-23T19:48:46+00:00,RR,outbound,AKSS,SP_TW,Rail_Replacement,Rail_Replacement,,,51.161798,0.256043,
2026-07-24T09:12:34.370070,2026-07-24T09:12:06+00:00,483,outbound,AMTM,1563,Barrack_Row,Bus_Station,2026-07-24T08:35:00+00:00,2026-07-24T09:15:00+00:00,51.443095,0.297674,268
2026-07-24T09:12:34.370070,2026-07-24T09:12:21+00:00,482,inbound,AMTM,1613,Barrack_Row,Mungo_Park_Road,2026-07-24T09:10:00+00:00,2026-07-24T09:25:00+00:00,51.444803,0.369543,97
2026-07-24T09:12:34.370070,2026-07-24T09:12:01+00:00,414,inbound,AMTM,1633,Home_Gardens,Gorringe_Avenue,2026-07-24T09:05:00+00:00,2026-07-24T09:26:00+00:00,51.434443,0.215596,205
2026-07-24T09:12:34.370070,2026-07-24T09:12:19+00:00,481,inbound,AMTM,1641,Barrack_Row,Cascades_Leisure_Centre,2026-07-24T09:05:00+00:00,2026-07-24T09:25:00+00:00,51.441533,0.373886,115
2026-07-24T09:12:34.370070,2026-07-24T09:12:22+00:00,483,inbound,AMTM,2325,Bus_Station,Barrack_Row,2026-07-24T08:50:00+00:00,2026-07-24T09:30:00+00:00,51.428486,0.33507,111
2026-07-24T09:12:34.370070,2026-07-24T09:12:09+00:00,482,outbound,AMTM,2326,Mungo_Park_Road,Barrack_Row,2026-07-24T09:07:00+00:00,2026-07-24T09:23:00+00:00,51.424905,0.375011,17
2026-07-24T09:12:34.370070,2026-07-24T09:12:13+00:00,483,outbound,AMTM,2327,Barrack_Row,Bus_Station,2026-07-24T09:05:00+00:00,2026-07-24T09:45:00+00:00,51.44181,0.365363,
2026-07-24T09:12:34.370070,2026-07-24T09:11:58+00:00,491,outbound,AMTM,4088,Barrack_Row,Cascades_Leisure_Centre,2026-07-24T09:15:00+00:00,2026-07-24T09:33:00+00:00,51.441766,0.366186,
2026-07-24T09:12:34.370070,2026-07-23T18:33:32+00:00,490,inbound,AMTM,4089,Mackenzie_Way_Shops,Barrack_Row,2026-07-23T18:20:00+00:00,2026-07-23T18:35:00+00:00,51.440513,0.368276,
2026-07-24T09:12:34.370070,2026-07-24T09:12:19+00:00,491,outbound,AMTM,4090,Barrack_Row,Cascades_Leisure_Centre,2026-07-24T08:55:00+00:00,2026-07-24T09:13:00+00:00,51.420991,0.398503,166
2026-07-24T09:12:34.370070,2026-07-24T09:12:10+00:00,480,inbound,AMTM,4091,Barrack_Row,Joyce_Green_Lane_Terminus,2026-07-24T08:18:00+00:00,2026-07-24T09:15:00+00:00,51.443851,0.222523,310
2026-07-24T09:12:34.370070,2026-07-24T09:12:25+00:00,490,outbound,AMTM,4092,Barrack_Row,Mackenzie_Way_Shops,2026-07-24T09:05:00+00:00,2026-07-24T09:22:00+00:00,51.432245,0.393406,262
2026-07-24T09:12:34.370070,2026-07-24T09:12:19+00:00,491,inbound,AMTM,4306,Cascades_Leisure_Centre,Barrack_Row,2026-07-24T08:59:00+00:00,2026-07-24T09:20:00+00:00,51.437405,0.387473,305
2026-07-24T09:12:34.370070,2026-07-24T09:12:09+00:00,480,inbound,AMTM,4307,Barrack_Row,Joyce_Green_Lane_Terminus,2026-07-24T08:54:00+00:00,2026-07-24T09:51:00+00:00,51.436385,0.316643,350
2026-07-24T09:12:34.370070,2026-07-23T14:22:05+00:00,190,inbound,AMTM,4310,Waterfront_Bus_Station,Barrack_Row,,,51.440483,0.368296,
2026-07-24T09:12:34.370070,2026-07-24T09:12:21+00:00,190,outbound,AMTM,4311,Barrack_Row,Waterfront_Bus_Station,2026-07-24T08:20:00+00:00,2026-07-24T09:02:00+00:00,51.384593,0.524546,
2026-07-24T09:12:34.370070,2026-07-24T09:11:53+00:00,190,inbound,AMTM,4315,Waterfront_Bus_Station,Gravesend_Railway_Station,2026-07-24T08:41:00+00:00,2026-07-24T09:22:00+00:00,51.422685,0.424666,296
2026-07-24T09:12:34.370070,2026-07-24T09:12:19+00:00,480,outbound,AMTM,4323,Joyce_Green_Lane_Terminus,Barrack_Row,2026-07-24T08:48:00+00:00,2026-07-24T09:45:00+00:00,51.444955,0.256346,64
2026-07-24T09:12:34.370070,2026-07-24T09:12:22+00:00,480,outbound,AMTM,4324,Joyce_Green_Lane_Terminus,Barrack_Row,2026-07-24T09:00:00+00:00,2026-07-24T09:57:00+00:00,51.446238,0.219681,146
2026-07-24T09:12:34.370070,2026-07-24T09:12:19+00:00,480,inbound,AMTM,4325,Barrack_Row,Joyce_Green_Lane_Terminus,2026-07-24T09:06:00+00:00,2026-07-24T10:03:00+00:00,51.442071,0.340293,266
2026-07-24T09:12:34.370070,2026-07-24T09:12:08+00:00,480,outbound,AMTM,4326,Joyce_Green_Lane_Terminus,Barrack_Row,2026-07-24T08:36:00+00:00,2026-07-24T09:33:00+00:00,51.445883,0.312066,167
2026-07-24T09:12:34.370070,2026-07-24T09:12:10+00:00,480,inbound,AMTM,4328,Barrack_Row,Joyce_Green_Lane_Terminus,2026-07-24T08:42:00+00:00,2026-07-24T09:39:00+00:00,51.437725,0.276726,
2026-07-24T09:12:34.370070,2026-07-24T09:12:04+00:00,190,outbound,AMTM,4329,Barrack_Row,Waterfront_Bus_Station,2026-07-24T08:50:00+00:00,2026-07-24T09:32:00+00:00,51.402385,0.479703,144
2026-07-24T09:12:34.370070,2026-07-24T09:12:23+00:00,480,outbound,AMTM,4330,Joyce_Green_Lane_Terminus,Barrack_Row,2026-07-24T09:12:00+00:00,2026-07-24T10:09:00+00:00,51.45854,0.226411,177
2026-07-24T09:12:34.370070,2026-07-24T09:12:18+00:00,490,inbound,AMTM,4332,Mackenzie_Way_Shops,Barrack_Row,2026-07-24T09:10:00+00:00,2026-07-24T09:30:00+00:00,51.41588,0.384716,341
2026-07-24T09:12:34.370070,2026-07-24T09:12:12+00:00,700,outbound,AMTM,4333,Bus_Station,Waterfront_Bus_Station,,,51.393173,0.499629,132
2026-07-24T09:12:34.370070,2026-07-24T09:12:08+00:00,480,outbound,AMTM,4334,Joyce_Green_Lane_Terminus,Barrack_Row,2026-07-24T08:12:00+00:00,2026-07-24T09:10:00+00:00,51.442456,0.365446,
2026-07-24T09:12:34.370070,2026-07-24T09:12:04+00:00,480,outbound,AMTM,4335,Joyce_Green_Lane_Terminus,Barrack_Row,2026-07-24T08:24:00+00:00,2026-07-24T09:21:00+00:00,51.442655,0.336958,
2026-07-24T09:12:34.370070,2026-07-24T09:12:20+00:00,480,inbound,AMTM,4338,Barrack_Row,Joyce_Green_Lane_Terminus,2026-07-24T08:30:00+00:00,2026-07-24T09:27:00+00:00,51.442038,0.231525,283
2026-07-24T09:12:34.370070,2026-07-24T09:12:08+00:00,700,inbound,AMTM,4346,Waterfront_Bus_Station,Bus_Station,2026-07-24T08:30:00+00:00,2026-07-24T09:12:00+00:00,51.437708,0.276376,
2026-07-24T09:12:34.370070,2026-07-24T08:56:27+00:00,190,inbound,AMTM,4354,Waterfront_Bus_Station,Barrack_Row,,,51.441506,0.367348,
2026-07-24T07:23:01.549099,2026-07-23T22:01:00+00:00,277,outbound,AKSS,1466,Railway_Station,Tunbridge_Wells_Hospital,2026-07-23T21:15:00+00:00,2026-07-23T21:40:00+00:00,51.160268,0.294988,
2026-07-24T07:23:01.549099,2026-07-24T07:22:46+00:00,281,outbound,AKSS,1501,Parsonage_Close,Barnetts_Way,,,51.133595,0.263568,16
2026-07-24T07:23:01.549099,2026-07-23T21:06:56+00:00,277,outbound,AKSS,1502,Railway_Station,Tunbridge_Wells_Hospital,2026-07-23T20:45:00+00:00,2026-07-23T21:10:00+00:00,51.154758,0.295441,65
2026-07-24T07:23:01.549099,2026-07-24T07:22:36+00:00,277,inbound,AKSS,1503,Tunbridge_Wells_Hospital,Railway_Station,2026-07-24T06:55:00+00:00,2026-07-24T07:30:00+00:00,51.13275,0.268428,281
2026-07-24T07:23:01.549099,2026-07-24T06:35:16+00:00,281,outbound,AKSS,1522,Parsonage_Close,Barnetts_Way,,,51.154616,0.273033,
2026-07-24T07:23:01.549099,2026-07-24T07:14:12+00:00,176,outbound,AKSS,1650,Plantation_Road,Alexandra_Hospital,,,51.340223,0.524838,
2026-07-24T07:23:01.549099,2026-07-24T07:22:51+00:00,146,inbound,AKSS,1651,The_George,Waterfront_Bus_Station,,,51.380571,0.508126,352
2026-07-24T07:23:01.549099,2026-07-24T07:22:47+00:00,146,outbound,AKSS,1652,Waterfront_Bus_Station,The_George,,,51.385113,0.50955,307
2026-07-24T07:23:01.549099,2026-07-23T17:58:14+00:00,146,inbound,AKSS,1653,The_George,Waterfront_Bus_Station,,,51.384208,0.52368,
2026-07-24T07:23:01.549099,2026-07-24T07:22:30+00:00,146,inbound,AKSS,1654,The_George,Waterfront_Bus_Station,,,51.363588,0.504581,
2026-07-24T07:23:01.549099,2026-07-24T07:08:41+00:00,1,outbound,AKSS,1655,The_Strand,Chatham_Railway_Station,2026-07-24T06:48:00+00:00,2026-07-24T07:18:00+00:00,51.394038,0.530006,221
2026-07-24T07:23:01.549099,2026-07-24T07:15:16+00:00,281,inbound,AKSS,1656,Barnetts_Way,Parsonage_Close,,,51.134293,0.263765,181
2026-07-24T07:23:01.549099,2026-07-24T07:22:51+00:00,281,inbound,AKSS,1657,Barnetts_Way,Parsonage_Close,,,51.15401,0.272671,207
2026-07-24T07:23:01.549099,2026-07-24T07:16:49+00:00,218,inbound,AKSS,1658,Pinnacles,Quarry_Hill_Parade,2026-07-24T06:46:00+00:00,2026-07-24T07:20:00+00:00,51.190206,0.269948,
2026-07-24T07:23:01.549099,2026-07-23T17:09:14+00:00,281,outbound,AKSS,1659,Parsonage_Close,Barnetts_Way,,,51.1382,0.228016,
2026-07-24T07:23:01.549099,2026-07-24T07:22:36+00:00,277,outbound,AKSS,2484,Railway_Station,Tunbridge_Wells_Hospital,2026-07-24T06:58:00+00:00,2026-07-24T07:27:00+00:00,51.156893,0.298528,133
2026-07-24T07:23:01.549099,2026-07-24T07:09:49+00:00,219,inbound,AKSS,2951,Pinnacles,Tunbridge_Wells_Hospital,2026-07-24T06:33:00+00:00,2026-07-24T07:13:00+00:00,51.148358,0.306841,
2026-07-24T07:23:01.549099,2026-07-23T12:06:01+00:00,218,inbound,AKSS,2956,Pinnacles,Quarry_Hill_Parade,2026-07-23T11:35:00+00:00,2026-07-23T12:00:00+00:00,51.200001,0.276436,
2026-07-24T07:23:01.549099,2026-07-24T06:09:10+00:00,6H,inbound,AKSS,3020,Railway_Station,Tunbridge_Wells_Hospital,2026-07-24T05:48:00+00:00,2026-07-24T06:05:00+00:00,51.14812,0.307403,
2026-07-24T07:23:01.549099,2026-07-23T17:12:19+00:00,402,inbound,AKSS,3908,Old_West_Station_Sainsbury_s,Knole_Academy,,,51.271293,0.193503,
2026-07-24T07:23:01.549099,2026-07-24T07:22:33+00:00,82,inbound,AKSS,4071,Parade,Royal_Star_Arcade,2026-07-24T07:09:00+00:00,2026-07-24T07:41:00+00:00,51.255708,0.532855,
2026-07-24T07:23:01.549099,2026-07-24T07:22:51+00:00,85,inbound,AKSS,4072,Hever_Close,Chequers_Bus_Station,2026-07-24T07:23:00+00:00,2026-07-24T07:46:00+00:00,51.247478,0.560043,4
2026-07-24T07:23:01.549099,2026-07-24T07:21:31+00:00,82,outbound,AKSS,4074,Royal_Star_Arcade,Parade,2026-07-24T07:06:00+00:00,2026-07-24T07:31:00+00:00,51.254268,0.53576,
2026-07-24T07:23:01.549099,2026-07-24T07:22:28+00:00,82,inbound,AKSS,4075,Parade,Royal_Star_Arcade,2026-07-24T07:22:00+00:00,2026-07-24T07:53:00+00:00,51.240221,0.557013,
2026-07-24T07:23:01.549099,2026-07-23T18:12:26+00:00,176,inbound,AKSS,4142,Alexandra_Hospital,Plantation_Road,,,51.388531,0.573693,
2026-07-24T07:23:01.549099,2026-07-23T23:00:53+00:00,166,inbound,AKSS,4143,The_Kestrel_Shopping_Centre,Waterfront_Bus_Station,2026-07-23T22:41:00+00:00,2026-07-23T23:12:00+00:00,51.377043,0.53651,
2026-07-24T07:23:01.549099,2026-07-24T07:22:44+00:00,1,outbound,AKSS,4144,The_Strand,Chatham_Railway_Station,2026-07-24T07:18:00+00:00,2026-07-24T07:43:00+00:00,51.396153,0.549153,296
2026-07-24T07:23:01.549099,2026-07-24T07:22:44+00:00,700,inbound,AKSS,4145,Waterfront_Bus_Station,Bus_Station,,,51.380581,0.521515,
2026-07-24T07:23:01.549099,2026-07-24T07:15:17+00:00,140,inbound,AKSS,4146,Waterfront_Bus_Station,Bligh_Way_Shops,,,51.388098,0.466703,328
2026-07-24T07:23:01.549099,2026-07-23T15:28:59+00:00,191,inbound,AKSS,4150,Marina,Waterfront_Bus_Station,2026-07-23T13:14:00+00:00,2026-07-23T13:58:00+00:00,51.402735,0.513503,
2026-07-24T07:23:01.549099,2026-07-24T07:22:43+00:00,164,inbound,AKSS,4152,Chatham_Grove,Waterfront_Bus_Station,2026-07-24T07:12:00+00:00,2026-07-24T07:38:00+00:00,51.379833,0.531316,290
2026-07-24T07:23:01.549099,2026-07-24T07:22:50+00:00,166,inbound,AKSS,4154,The_Kestrel_Shopping_Centre,Waterfront_Bus_Station,,,51.379675,0.531931,303
2026-07-24T07:23:01.549099,2026-07-24T07:22:30+00:00,219,inbound,AKSS,4217,Pinnacles,Tunbridge_Wells_Hospital,2026-07-24T07:08:00+00:00,2026-07-24T07:53:00+00:00,51.209335,0.289463,258
2026-07-24T07:23:01.549099,2026-07-24T07:22:52+00:00,116,outbound,AKSS,4219,Waterfront_Bus_Station,Hempstead_Valley_Shopping_Centre,2026-07-24T07:05:00+00:00,2026-07-24T08:11:00+00:00,51.387731,0.5449,197
2026-07-24T07:23:01.549099,2026-07-24T07:18:46+00:00,132,outbound,AKSS,4220,Hempstead_Valley_Shopping_Centre,Grammar_Schools,,,51.385253,0.5243,
2026-07-24T07:23:01.549099,2026-07-24T07:22:45+00:00,176,outbound,AKSS,4222,Plantation_Road,Alexandra_Hospital,,,51.362053,0.521645,177
2026-07-24T07:23:01.549099,2026-07-24T07:22:43+00:00,132,outbound,AKSS,4223,Hempstead_Valley_Shopping_Centre,Grammar_Schools,,,51.372291,0.559818,
2026-07-24T07:23:01.549099,2026-07-23T16:29:54+00:00,140,outbound,AKSS,4224,Bligh_Way_Shops,Waterfront_Bus_Station,2026-07-23T15:56:00+00:00,2026-07-23T16:29:00+00:00,51.384666,0.524025,
2026-07-24T07:23:01.549099,2026-07-24T07:12:47+00:00,116,outbound,AKSS,4261,Waterfront_Bus_Station,Hempstead_Valley_Shopping_Centre,2026-07-24T06:20:00+00:00,2026-07-24T07:33:00+00:00,51.353983,0.59155,
2026-07-24T07:23:01.549099,2026-07-24T07:22:35+00:00,175,outbound,AKSS,4262,King_Street,Waterfront_Bus_Station,,,51.379453,0.543531,92
2026-07-24T07:23:01.549099,2026-07-24T07:22:23+00:00,175,inbound,AKSS,4263,Waterfront_Bus_Station,King_Street,,,51.38516,0.524139,
2026-07-24T07:23:01.549099,2026-07-24T07:22:49+00:00,177,inbound,AKSS,4264,Alexandra_Hospital,Plantation_Road,,,51.384063,0.523945,28
2026-07-24T07:23:01.549099,2026-07-24T07:22:52+00:00,132,outbound,AKSS,4266,Hempstead_Valley_Shopping_Centre,Waterfront_Bus_Station,2026-07-24T07:30:00+00:00,2026-07-24T08:22:00+00:00,51.340273,0.572486,
2026-07-24T07:23:01.549099,2026-07-24T07:22:36+00:00,176,inbound,AKSS,4268,Alexandra_Hospital,Plantation_Road,,,51.34605,0.51847,
2026-07-24T07:23:01.549099,2026-07-24T07:22:21+00:00,176,inbound,AKSS,4269,Alexandra_Hospital,Plantation_Road,,,51.385173,0.544375,354
2026-07-24T07:23:01.549099,2026-07-24T07:20:01+00:00,132,inbound,AKSS,4270,Grammar_Schools,Hempstead_Valley_Shopping_Centre,,,51.38554,0.524845,55
2026-07-24T07:23:01.549099,2026-07-24T07:22:52+00:00,182,outbound,AKSS,4271,Waterfront_Bus_Station,Beechings_Green,,,51.372143,0.589331,123
2026-07-24T07:23:01.549099,2026-07-24T07:22:41+00:00,141,outbound,AKSS,4272,Bligh_Way_Shops,Waterfront_Bus_Station,,,51.39339,0.486419,84
2026-07-24T07:23:01.549099,2026-07-24T07:22:35+00:00,182,outbound,AKSS,4273,Waterfront_Bus_Station,Beechings_Green,,,51.380468,0.573793,108
2026-07-24T07:23:01.549099,2026-07-24T05:42:05+00:00,166,inbound,AKSS,4280,The_Kestrel_Shopping_Centre,Waterfront_Bus_Station,2026-07-24T04:40:00+00:00,2026-07-24T05:13:00+00:00,51.380675,0.52141,
2026-07-24T07:23:01.549099,2026-07-23T17:02:06+00:00,191,inbound,AKSS,4281,Lapwing_Road,Waterfront_Bus_Station,,,51.433823,0.563891,
2026-07-24T07:23:01.549099,2026-07-24T07:22:27+00:00,85,inbound,AKSS,4282,Hever_Close,Chequers_Bus_Station,2026-07-24T07:05:00+00:00,2026-07-24T07:28:00+00:00,51.272368,0.528998,30
2026-07-24T07:23:01.549099,2026-07-23T18:13:41+00:00,85,inbound,AKSS,4283,Hever_Close,Chequers_Bus_Station,2026-07-23T17:59:00+00:00,2026-07-23T18:16:00+00:00,51.272213,0.527123,
2026-07-24T07:23:01.549099,2026-07-24T07:22:50+00:00,85,outbound,AKSS,4284,Chequers_Bus_Station,Hever_Close,2026-07-24T07:15:00+00:00,2026-07-24T07:36:00+00:00,51.26612,0.533238,
2026-07-24T07:23:01.549099,2026-07-24T07:22:31+00:00,182,inbound,AKSS,4289,Shops,Waterfront_Bus_Station,,,51.381408,0.56056,297
2026-07-24T07:23:01.549099,2026-07-24T07:22:23+00:00,140,inbound,AKSS,4290,Waterfront_Bus_Station,Bligh_Way_Shops,,,51.384706,0.523888,
2026-07-24T07:23:01.549099,2026-07-24T07:22:47+00:00,132,inbound,AKSS,4291,Grammar_Schools,Hempstead_Valley_Shopping_Centre,,,51.342688,0.597308,214
2026-07-24T07:23:01.549099,2026-07-24T07:13:59+00:00,166,outbound,AKSS,4292,Chatham_Railway_Station,Lordswood_Close,,,51.380356,0.53029,184
2026-07-24T07:23:01.549099,2026-07-23T22:48:57+00:00,132,inbound,AKSS,4293,Waterfront_Bus_Station,Hempstead_Valley_Shopping_Centre,2026-07-23T22:23:00+00:00,2026-07-23T22:52:00+00:00,51.342448,0.580056,335
2026-07-24T07:23:01.549099,2026-07-23T18:08:28+00:00,89,inbound,AKSS,4296,Spice_Lounge,King_Street,2026-07-23T17:39:00+00:00,2026-07-23T18:01:00+00:00,51.273918,0.523875,
2026-07-24T07:23:01.549099,2026-07-24T07:22:51+00:00,166,inbound,AKSS,4298,The_Kestrel_Shopping_Centre,Waterfront_Bus_Station,,,51.339241,0.536149,358
2026-07-24T07:23:01.549099,2026-07-24T07:22:50+00:00,140,outbound,AKSS,4299,Bligh_Way_Shops,Waterfront_Bus_Station,,,51.394103,0.498151,130
2026-07-24T07:23:01.549099,2026-07-24T07:22:37+00:00,176,outbound,AKSS,4300,Plantation_Road,Alexandra_Hospital,,,51.389935,0.565556,281
2026-07-24T07:23:01.549099,2026-07-24T07:22:36+00:00,182,inbound,AKSS,4308,Beechings_Green,Waterfront_Bus_Station,2026-07-24T06:50:00+00:00,2026-07-24T07:17:00+00:00,51.384718,0.52385,
2026-07-24T07:23:01.549099,2026-07-24T07:22:39+00:00,166,outbound,AKSS,4312,Chatham_Railway_Station,Lordswood_Close,,,51.3852,0.524721,
2026-07-24T07:23:01.549099,2026-07-24T07:02:20+00:00,133,outbound,AKSS,4313,The_Six_Bells,Huntsmans_Corner,,,51.385088,0.524191,
2026-07-24T07:23:01.549099,2026-07-24T07:22:30+00:00,132,outbound,AKSS,4314,Hempstead_Valley_Shopping_Centre,Waterfront_Bus_Station,2026-07-24T07:10:00+00:00,2026-07-24T08:04:00+00:00,51.352976,0.597948,
2026-07-24T07:23:01.549099,2026-07-24T07:22:37+00:00,182,inbound,AKSS,4316,Shops,Waterfront_Bus_Station,,,51.39271,0.530856,219
2026-07-24T07:23:01.549099,2026-07-24T07:17:54+00:00,166,outbound,AKSS,4317,Chatham_Railway_Station,Lordswood_Close,,,51.35797,0.542826,210
2026-07-24T07:23:01.549099,2026-07-23T07:37:28+00:00,182,inbound,AKSS,4319,Shops,Waterfront_Bus_Station,,,51.384576,0.523891,
2026-07-24T07:23:01.549099,2026-07-24T07:22:45+00:00,3,inbound,AKSS,4340,Maidstone_Hospital,Chequers_Bus_Station,2026-07-24T07:12:00+00:00,2026-07-24T07:40:00+00:00,51.268235,0.497013,60
2026-07-24T07:23:01.549099,2026-07-23T19:13:07+00:00,3,outbound,AKSS,4341,Chequers_Bus_Station,Maidstone_Hospital,2026-07-23T18:55:00+00:00,2026-07-23T19:12:00+00:00,51.273721,0.483211,
2026-07-24T07:23:01.549099,2026-07-24T07:22:38+00:00,218,outbound,AKSS,4349,Tunbridge_Wells_Hospital,Pinnacles,2026-07-24T07:00:00+00:00,2026-07-24T07:30:00+00:00,51.205176,0.277171,
2026-07-24T07:23:01.549099,2026-07-24T07:22:40+00:00,82,outbound,AKSS,4350,Royal_Star_Arcade,Parade,2026-07-24T07:31:00+00:00,2026-07-24T07:56:00+00:00,51.273388,0.521745,
2026-07-24T07:23:01.549099,2026-07-24T07:22:27+00:00,3,outbound,AKSS,4351,Chequers_Bus_Station,Maidstone_Hospital,2026-07-24T07:23:00+00:00,2026-07-24T07:49:00+00:00,51.271968,0.526661,
2026-07-24T07:23:01.549099,2026-07-24T07:22:40+00:00,82,outbound,AKSS,4352,Royal_Star_Arcade,Parade,2026-07-24T07:18:00+00:00,2026-07-24T07:43:00+00:00,51.271763,0.527041,202
2026-07-24T07:23:01.549099,2026-07-23T13:28:47+00:00,7,outbound,AKSS,4355,Chequers_Bus_Station,Railway_Station,2026-07-23T11:36:00+00:00,2026-07-23T13:04:00+00:00,51.273366,0.521665,
2026-07-24T07:23:01.549099,2026-07-24T07:22:46+00:00,3,inbound,AKSS,4471,Maidstone_Hospital,Chequers_Bus_Station,2026-07-24T07:35:00+00:00,2026-07-24T08:01:00+00:00,51.273781,0.483228,
2026-07-24T07:23:01.549099,2026-07-24T07:22:43+00:00,6,outbound,AKSS,5457,Invicta_Girls__Grammar_School,Railway_Station,,,51.260426,0.454443,238
2026-07-24T07:23:01.549099,2026-07-23T16:28:33+00:00,219,inbound,AKSS,5458,Pinnacles,Tunbridge_Wells_Hospital,2026-07-23T15:32:00+00:00,2026-07-23T16:16:00+00:00,51.160498,0.295956,
2026-07-24T07:23:01.549099,2026-07-24T07:22:26+00:00,177,outbound,AKSS,5459,Plantation_Road,Alexandra_Hospital,,,51.359781,0.529858,223
2026-07-24T07:23:01.549099,2026-07-24T07:22:52+00:00,132,inbound,AKSS,5460,Grammar_Schools,Hempstead_Valley_Shopping_Centre,,,51.366681,0.593443,102
2026-07-24T07:23:01.549099,2026-07-23T18:19:42+00:00,700,outbound,AKSS,5463,Bus_Station,Waterfront_Bus_Station,2026-07-23T17:40:00+00:00,2026-07-23T18:16:00+00:00,51.38229,0.522533,
2026-07-24T07:23:01.549099,2026-07-24T07:22:46+00:00,191,outbound,AKSS,5466,Waterfront_Bus_Station,Lapwing_Road,,,51.460935,0.607325,70
2026-07-24T07:23:01.549099,2026-07-24T07:22:41+00:00,71,outbound,AKSS,5467,Chequers_Bus_Station,Railway_Station,2026-07-24T06:40:00+00:00,2026-07-24T07:37:00+00:00,51.308793,0.431366,3
2026-07-24T07:23:01.549099,2026-07-24T07:22:31+00:00,402,inbound,AKSS,6141,Old_West_Station_Sainsbury_s,Knole_Academy,,,51.194945,0.274336,40
2026-07-24T07:23:01.549099,2026-07-23T18:42:41+00:00,402,outbound,AKSS,6151,Bus_Station,Railway_Station,2026-07-23T18:00:00+00:00,2026-07-23T18:46:00+00:00,51.132508,0.26351,
2026-07-24T07:23:01.549099,2026-07-24T07:22:40+00:00,402,outbound,AKSS,6200,Rose_and_Crown,Old_West_Station_Sainsbury_s,,,51.186325,0.266623,204
2026-07-24T07:23:01.549099,2026-07-24T07:09:40+00:00,402,outbound,AKSS,6202,Rose_and_Crown,Old_West_Station_Sainsbury_s,,,51.12993,0.263711,9
2026-07-24T07:23:01.549099,2026-07-23T17:19:58+00:00,6,inbound,AKSS,6203,Railway_Station,Invicta_Girls__Grammar_School,,,51.217791,0.393785,109
2026-07-24T07:23:01.549099,2026-07-24T07:08:35+00:00,6,inbound,AKSS,6204,Railway_Station,Invicta_Girls__Grammar_School,,,51.18431,0.38745,
2026-07-24T07:23:01.549099,2026-07-24T07:22:52+00:00,6,outbound,AKSS,6205,Invicta_Girls__Grammar_School,Railway_Station,,,51.129931,0.263131,6
2026-07-24T07:23:01.549099,2026-07-24T07:22:43+00:00,82,outbound,AKSS,6402,Royal_Star_Arcade,Parade,2026-07-24T07:44:00+00:00,2026-07-24T08:09:00+00:00,51.27325,0.521293,
2026-07-24T07:23:01.549099,2026-07-23T17:32:08+00:00,12,outbound,AKSS,6472,Royal_Star_Arcade,The_Vine,2026-07-23T17:00:00+00:00,2026-07-23T18:10:00+00:00,51.227286,0.589951,143
2026-07-24T07:23:01.549099,2026-07-23T17:14:46+00:00,176,inbound,AKSS,6473,Alexandra_Hospital,Plantation_Road,,,51.388341,0.574216,291
2026-07-24T07:23:01.549099,2026-07-24T07:22:48+00:00,116,inbound,AKSS,6474,Hempstead_Valley_Shopping_Centre,Waterfront_Bus_Station,2026-07-24T07:21:00+00:00,2026-07-24T08:28:00+00:00,51.340136,0.573961,34
2026-07-24T07:23:01.549099,2026-07-23T23:20:55+00:00,132,inbound,AKSS,6475,Waterfront_Bus_Station,Hempstead_Valley_Shopping_Centre,2026-07-23T22:53:00+00:00,2026-07-23T23:22:00+00:00,51.340506,0.573029,
2026-07-24T07:23:01.549099,2026-07-23T17:08:46+00:00,101,inbound,AKSS,6476,Shops,Chequers_Bus_Station,,,51.273618,0.527021,
2026-07-24T07:23:01.549099,2026-07-23T11:53:26+00:00,155,outbound,AKSS,6477,Village_Surgery,Waterfront_Bus_Station,2026-07-23T11:40:00+00:00,2026-07-23T11:56:00+00:00,51.38229,0.522801,30
2026-07-24T07:23:01.549099,2026-07-23T16:37:42+00:00,101,inbound,AKSS,6478,Shops,Chequers_Bus_Station,,,51.272405,0.5268,
2026-07-24T07:23:01.549099,2026-07-23T17:32:29+00:00,101,outbound,AKSS,6479,Chequers_Bus_Station,Duncan_Road,2026-07-23T16:34:00+00:00,2026-07-23T17:32:00+00:00,51.38437,0.55061,
2026-07-24T07:23:01.549099,2026-07-24T07:22:48+00:00,141,outbound,AKSS,6480,Bligh_Way_Shops,Waterfront_Bus_Station,,,51.384748,0.524348,
2026-07-24T07:23:01.549099,2026-07-23T17:47:30+00:00,175,inbound,AKSS,6481,Waterfront_Bus_Station,King_Street,,,51.387455,0.54911,
2026-07-24T07:23:01.549099,2026-07-24T07:22:25+00:00,7,outbound,AKSS,6482,Chequers_Bus_Station,Railway_Station,2026-07-24T06:48:00+00:00,2026-07-24T08:29:00+00:00,51.256471,0.420975,285
2026-07-24T07:23:01.549099,2026-07-23T17:54:37+00:00,191,outbound,AKSS,6483,Waterfront_Bus_Station,Lapwing_Road,,,51.386648,0.550875,
2026-07-24T07:23:01.549099,2026-07-23T17:49:02+00:00,182,inbound,AKSS,6484,Beechings_Green,Waterfront_Bus_Station,2026-07-23T17:23:00+00:00,2026-07-23T17:49:00+00:00,51.384346,0.523986,173
2026-07-24T07:23:01.549099,2026-07-24T07:22:41+00:00,89,outbound,AKSS,6492,King_Street,Spice_Lounge,2026-07-24T07:12:00+00:00,2026-07-24T07:44:00+00:00,51.271938,0.526645,177
2026-07-24T07:23:01.549099,2026-07-24T07:22:40+00:00,7,inbound,AKSS,6500,Railway_Station,Chequers_Bus_Station,2026-07-24T06:29:00+00:00,2026-07-24T08:00:00+00:00,51.234725,0.352468,94
2026-07-24T07:23:01.549099,2026-07-24T07:22:33+00:00,6X,outbound,AKSS,6501,Maidstone_Hospital,Tunbridge_Wells_Hospital,2026-07-24T07:05:00+00:00,2026-07-24T07:49:00+00:00,51.255086,0.42449,
2026-07-24T07:23:01.549099,2026-07-24T07:22:51+00:00,7,inbound,AKSS,6502,Railway_Station,Chequers_Bus_Station,2026-07-24T06:54:00+00:00,2026-07-24T08:23:00+00:00,51.189861,0.269535,40
2026-07-24T07:23:01.549099,2026-07-24T07:06:50+00:00,5,inbound,AKSS,6503,The_Eight_Bells,Invicta_Girls__Grammar_School,2026-07-24T05:44:00+00:00,2026-07-24T07:12:00+00:00,51.273108,0.526691,
2026-07-24T07:23:01.549099,2026-07-24T07:22:46+00:00,71,inbound,AKSS,6504,Railway_Station,Chequers_Bus_Station,2026-07-24T06:39:00+00:00,2026-07-24T07:55:00+00:00,51.294403,0.471638,
2026-07-24T07:23:01.549099,2026-07-24T06:55:33+00:00,9,inbound,AKSS,6505,Pennine_Way,Oakwood_Park,2026-07-24T06:11:00+00:00,2026-07-24T07:17:00+00:00,51.273395,0.526753,
2026-07-24T07:23:01.549099,2026-07-24T07:05:06+00:00,12,inbound,AKSS,6509,The_Vine,Invicta_Girls__Grammar_School,2026-07-24T06:01:00+00:00,2026-07-24T07:23:00+00:00,51.273015,0.520723,56
2026-07-24T07:23:01.549099,2026-07-24T07:22:47+00:00,7,inbound,AKSS,6510,Railway_Station,Chequers_Bus_Station,2026-07-24T06:10:00+00:00,2026-07-24T07:35:00+00:00,51.270496,0.512531,34
2026-07-24T07:23:01.549099,2026-07-23T19:06:57+00:00,82,inbound,AKSS,6511,Parade,Royal_Star_Arcade,2026-07-23T18:50:00+00:00,2026-07-23T19:07:00+00:00,51.273575,0.521501,
2026-07-24T07:23:01.549099,2026-07-24T07:22:38+00:00,71,outbound,AKSS,6512,Chequers_Bus_Station,Lunsford_Park_Tesco,2026-07-24T07:10:00+00:00,2026-07-24T07:52:00+00:00,51.277073,0.508255,
2026-07-24T07:23:01.549099,2026-07-24T07:22:51+00:00,89,inbound,AKSS,6513,Spice_Lounge,King_Street,2026-07-24T07:06:00+00:00,2026-07-24T07:35:00+00:00,51.257205,0.530988,9
2026-07-24T07:23:01.549099,2026-07-24T07:22:39+00:00,5,outbound,AKSS,6514,Chequers_Bus_Station,The_Eight_Bells,2026-07-24T06:12:00+00:00,2026-07-24T07:26:00+00:00,51.093516,0.523279,260
2026-07-24T07:23:01.549099,2026-07-24T07:22:50+00:00,5,inbound,AKSS,6516,The_Eight_Bells,Chequers_Bus_Station,2026-07-24T08:35:00+00:00,2026-07-24T09:44:00+00:00,51.26821,0.522795,354
2026-07-24T07:23:01.549099,2026-07-23T18:13:22+00:00,72,inbound,AKSS,6520,Asda,Chequers_Bus_Station,2026-07-23T17:22:00+00:00,2026-07-23T18:14:00+00:00,51.273325,0.526843,
2026-07-24T07:23:01.549099,2026-07-24T06:58:49+00:00,7,inbound,AKSS,6522,Railway_Station,Chequers_Bus_Station,2026-07-24T05:41:00+00:00,2026-07-24T07:01:00+00:00,51.2722,0.52656,
2026-07-24T07:23:01.549099,2026-07-24T07:22:39+00:00,6X,inbound,AKSS,6532,Tunbridge_Wells_Hospital,Maidstone_Hospital,2026-07-24T07:12:00+00:00,2026-07-24T07:50:00+00:00,51.19076,0.373463,39
2026-07-24T07:23:01.549099,2026-07-24T07:22:45+00:00,7,outbound,AKSS,6533,Chequers_Bus_Station,Railway_Station,2026-07-24T06:05:00+00:00,2026-07-24T07:48:00+00:00,51.15655,0.25996,
2026-07-24T07:23:01.549099,2026-07-24T07:22:44+00:00,12,outbound,AKSS,6535,Royal_Star_Arcade,The_Vine,,,51.15576,0.635043,164
2026-07-24T07:23:01.549099,2026-07-24T07:22:47+00:00,71,inbound,AKSS,6537,Railway_Station,Chequers_Bus_Station,2026-07-24T07:18:00+00:00,2026-07-24T08:16:00+00:00,51.326618,0.440728,195
2026-07-24T07:23:01.549099,2026-07-23T21:06:39+00:00,6X,inbound,AKSS,6538,Tunbridge_Wells_Hospital,Maidstone_Hospital,2026-07-23T20:31:00+00:00,2026-07-23T21:01:00+00:00,51.270513,0.525515,164
2026-07-24T07:23:01.549099,2026-07-24T07:08:56+00:00,7,outbound,AKSS,6539,Chequers_Bus_Station,Railway_Station,2026-07-24T05:38:00+00:00,2026-07-24T07:20:00+00:00,51.131038,0.263376,
2026-07-24T07:23:01.549099,2026-07-24T07:22:33+00:00,7,outbound,AKSS,6541,Chequers_Bus_Station,Railway_Station,2026-07-24T06:27:00+00:00,2026-07-24T08:10:00+00:00,51.212465,0.310143,222
2026-07-24T07:23:01.549099,2026-07-23T14:11:11+00:00,9,inbound,AKSS,6542,Tesco,Chequers_Bus_Station,2026-07-23T13:58:00+00:00,2026-07-23T14:12:00+00:00,51.272833,0.526611,
2026-07-24T07:23:01.549099,2026-07-24T07:22:53+00:00,141,inbound,AKSS,6543,Waterfront_Bus_Station,Bligh_Way_Shops,,,51.392606,0.467561,320
2026-07-24T07:23:01.549099,2026-07-23T21:04:12+00:00,700,outbound,AKSS,6558,Bus_Station,Waterfront_Bus_Station,2026-07-23T20:32:00+00:00,2026-07-23T21:06:00+00:00,51.385035,0.524143,
2026-07-24T07:23:01.549099,2026-07-24T07:22:42+00:00,101,outbound,AKSS,6559,Chequers_Bus_Station,Beechings_Green,,,51.352845,0.50812,
2026-07-24T07:23:01.549099,2026-07-24T07:22:30+00:00,101,outbound,AKSS,6561,Chequers_Bus_Station,Beechings_Green,,,51.27318,0.521038,315
2026-07-24T07:23:01.549099,2026-07-24T07:22:50+00:00,101,outbound,AKSS,6562,Chequers_Bus_Station,Beechings_Green,,,51.291263,0.517523,348
2026-07-24T07:23:01.549099,2026-07-24T07:18:33+00:00,101,inbound,AKSS,6563,Shops,Chequers_Bus_Station,,,51.271835,0.521128,
2026-07-24T07:23:01.549099,2026-07-24T07:22:45+00:00,191,inbound,AKSS,6564,Lapwing_Road,Waterfront_Bus_Station,,,51.42007,0.562501,268
2026-07-24T07:23:01.549099,2026-07-24T07:22:48+00:00,101,outbound,AKSS,6565,Chequers_Bus_Station,Beechings_Green,,,51.38249,0.522768,329
2026-07-24T07:23:01.549099,2026-07-24T07:22:47+00:00,101,outbound,AKSS,6566,Chequers_Bus_Station,Beechings_Green,,,51.393053,0.529641,82
2026-07-24T07:23:01.549099,2026-07-24T07:22:27+00:00,101,inbound,AKSS,6567,Shops,Chequers_Bus_Station,,,51.379616,0.522336,168
2026-07-24T07:23:01.549099,2026-07-24T07:22:42+00:00,101,inbound,AKSS,6568,Shops,Chequers_Bus_Station,,,51.383171,0.55021,313
2026-07-24T07:23:01.549099,2026-07-24T07:22:48+00:00,101,inbound,AKSS,6569,Duncan_Road,Chequers_Bus_Station,2026-07-24T07:11:00+00:00,2026-07-24T08:09:00+00:00,51.387863,0.525065,197
2026-07-24T07:23:01.549099,2026-07-24T07:16:46+00:00,101,outbound,AKSS,6570,Chequers_Bus_Station,Beechings_Green,,,51.386253,0.550198,188
2026-07-24T07:23:01.549099,2026-07-24T07:22:46+00:00,101,inbound,AKSS,6571,Shops,Chequers_Bus_Station,,,51.275818,0.520983,238
2026-07-24T07:23:01.549099,2026-07-23T11:16:43+00:00,182,inbound,AKSS,SP_GM,Beechings_Green,Waterfront_Bus_Station,2026-07-23T10:59:00+00:00,2026-07-23T11:26:00+00:00,51.384143,0.550363,
2026-07-24T07:23:01.549099,2026-07-23T19:48:46+00:00,RR,outbound,AKSS,SP_TW,Rail_Replacement,Rail_Replacement,,,51.161798,0.256043,
2026-07-24T07:23:01.549099,2026-07-24T07:22:50+00:00,483,outbound,AMTM,1563,Barrack_Row,Bus_Station,2026-07-24T06:39:00+00:00,2026-07-24T07:25:00+00:00,51.443371,0.284633,284
2026-07-24T07:23:01.549099,2026-07-23T21:31:13+00:00,480,outbound,AMTM,1613,Joyce_Green_Lane_Terminus,Barrack_Row,2026-07-23T20:40:00+00:00,2026-07-23T21:31:00+00:00,51.441846,0.366105,
2026-07-24T07:23:01.549099,2026-07-24T07:22:53+00:00,414,inbound,AMTM,1633,Home_Gardens,Gorringe_Avenue,2026-07-24T08:00:00+00:00,2026-07-24T08:21:00+00:00,51.447758,0.218978,
2026-07-24T07:23:01.549099,2026-07-24T07:20:13+00:00,481,inbound,AMTM,1641,Bus_Station,Cascades_Leisure_Centre,,,51.419463,0.400426,
2026-07-24T07:23:01.549099,2026-07-24T07:22:28+00:00,483,inbound,AMTM,2325,Bus_Station,Barrack_Row,2026-07-24T06:56:00+00:00,2026-07-24T07:51:00+00:00,51.427265,0.337668,208
2026-07-24T07:23:01.549099,2026-07-24T07:22:46+00:00,482,inbound,AMTM,2326,Barrack_Row,Mungo_Park_Road,2026-07-24T07:17:00+00:00,2026-07-24T07:33:00+00:00,51.436843,0.372893,155
2026-07-24T07:23:01.549099,2026-07-24T07:22:22+00:00,483,outbound,AMTM,2327,Barrack_Row,Bus_Station,2026-07-24T07:19:00+00:00,2026-07-24T08:06:00+00:00,51.43429,0.353785,230
2026-07-24T07:23:01.549099,2026-07-24T07:22:35+00:00,491,outbound,AMTM,4088,Barrack_Row,Cascades_Leisure_Centre,2026-07-24T07:28:00+00:00,2026-07-24T07:50:00+00:00,51.44178,0.366195,
2026-07-24T07:23:01.549099,2026-07-23T18:33:32+00:00,490,inbound,AMTM,4089,Mackenzie_Way_Shops,Barrack_Row,2026-07-23T18:20:00+00:00,2026-07-23T18:35:00+00:00,51.440513,0.368276,
2026-07-24T07:23:01.549099,2026-07-24T07:21:04+00:00,491,outbound,AMTM,4090,Barrack_Row,Cascades_Leisure_Centre,2026-07-24T07:04:00+00:00,2026-07-24T07:25:00+00:00,51.419605,0.400473,
2026-07-24T07:23:01.549099,2026-07-24T07:22:48+00:00,480,outbound,AMTM,4091,Joyce_Green_Lane_Terminus,Cascades_Leisure_Centre,,,51.44659,0.218268,103
2026-07-24T07:23:01.549099,2026-07-24T07:22:48+00:00,490,outbound,AMTM,4092,Home_Gardens,Cascades_Leisure_Centre,,,51.439096,0.382501,86
2026-07-24T07:23:01.549099,2026-07-24T07:22:51+00:00,491,inbound,AMTM,4306,Cascades,Barrack_Row,,,51.426926,0.385268,348
2026-07-24T07:23:01.549099,2026-07-24T07:22:45+00:00,480,inbound,AMTM,4307,Barrack_Row,Joyce_Green_Lane_Terminus,2026-07-24T06:36:00+00:00,2026-07-24T07:50:00+00:00,51.446051,0.219395,311
2026-07-24T07:23:01.549099,2026-07-23T14:22:05+00:00,190,inbound,AMTM,4310,Waterfront_Bus_Station,Barrack_Row,,,51.440483,0.368296,
2026-07-24T07:23:01.549099,2026-07-24T07:22:52+00:00,190,inbound,AMTM,4311,Waterfront_Bus_Station,Barrack_Row,,,51.396368,0.486798,275
2026-07-24T07:23:01.549099,2026-07-24T07:14:28+00:00,190,inbound,AMTM,4315,Waterfront_Bus_Station,Barrack_Row,,,51.441838,0.365345,
2026-07-24T07:23:01.549099,2026-07-24T07:22:34+00:00,480,outbound,AMTM,4323,Joyce_Green_Lane_Terminus,Cascades_Leisure_Centre,,,51.445871,0.32754,
2026-07-24T07:23:01.549099,2026-07-24T07:22:47+00:00,480,outbound,AMTM,4324,Joyce_Green_Lane_Terminus,Cascades_Leisure_Centre,,,51.450788,0.304534,103
2026-07-24T07:23:01.549099,2026-07-24T07:22:19+00:00,480,inbound,AMTM,4325,Cascades,Joyce_Green_Lane_Terminus,,,51.441031,0.277624,218
2026-07-24T07:23:01.549099,2026-07-24T07:22:26+00:00,480,inbound,AMTM,4326,Cascades,Joyce_Green_Lane_Terminus,,,51.441775,0.366126,80
2026-07-24T07:23:01.549099,2026-07-24T05:59:05+00:00,480,inbound,AMTM,4328,Barrack_Row,Joyce_Green_Lane_Terminus,2026-07-24T05:09:00+00:00,2026-07-24T06:03:00+00:00,51.459053,0.226195,
2026-07-24T07:23:01.549099,2026-07-24T07:22:32+00:00,190,outbound,AMTM,4329,Barrack_Row,Waterfront_Bus_Station,,,51.38507,0.524483,246
2026-07-24T07:23:01.549099,2026-07-24T07:22:42+00:00,480,outbound,AMTM,4330,Joyce_Green_Lane_Terminus,Cascades_Leisure_Centre,,,51.446413,0.26391,
2026-07-24T07:23:01.549099,2026-07-24T07:22:52+00:00,490,inbound,AMTM,4332,Cascades_Leisure_Centre,Prospect_Place,,,51.412373,0.384511,
2026-07-24T07:23:01.549099,2026-07-24T07:15:09+00:00,700,outbound,AMTM,4333,Bus_Station,Waterfront_Bus_Station,,,51.384763,0.524495,
2026-07-24T07:23:01.549099,2026-07-24T07:22:40+00:00,480,inbound,AMTM,4334,Barrack_Row,Joyce_Green_Lane_Terminus,2026-07-24T07:06:00+00:00,2026-07-24T08:15:00+00:00,51.446505,0.311473,324
2026-07-24T07:23:01.549099,2026-07-24T07:20:56+00:00,480,inbound,AMTM,4335,Cascades,Joyce_Green_Lane_Terminus,,,51.442358,0.354923,
2026-07-24T07:23:01.549099,2026-07-24T07:17:57+00:00,480,outbound,AMTM,4338,Joyce_Green_Lane_Terminus,Cascades_Leisure_Centre,,,51.459145,0.226188,
2026-07-24T07:23:01.549099,2026-07-24T07:22:52+00:00,700,inbound,AMTM,4346,Waterfront_Bus_Station,Bus_Station,,,51.437725,0.276136,
2026-07-24T07:23:01.549099,2026-07-24T07:22:45+00:00,190,outbound,AMTM,4354,Barrack_Row,Waterfront_Bus_Station,,,51.439763,0.378735,108
2026-07-24T07:24:02.904508,2026-07-23T22:01:00+00:00,277,outbound,AKSS,1466,Railway_Station,Tunbridge_Wells_Hospital,2026-07-23T21:15:00+00:00,2026-07-23T21:40:00+00:00,51.160268,0.294988,
2026-07-24T07:24:02.904508,2026-07-24T07:23:50+00:00,281,outbound,AKSS,1501,Parsonage_Close,Barnetts_Way,,,51.134865,0.263428,
2026-07-24T07:24:02.904508,2026-07-23T21:06:56+00:00,277,outbound,AKSS,1502,Railway_Station,Tunbridge_Wells_Hospital,2026-07-23T20:45:00+00:00,2026-07-23T21:10:00+00:00,51.154758,0.295441,65
2026-07-24T07:24:02.904508,2026-07-24T07:23:54+00:00,277,inbound,AKSS,1503,Tunbridge_Wells_Hospital,Railway_Station,2026-07-24T06:55:00+00:00,2026-07-24T07:30:00+00:00,51.133703,0.266096,218
2026-07-24T07:24:02.904508,2026-07-24T06:35:16+00:00,281,outbound,AKSS,1522,Parsonage_Close,Barnetts_Way,,,51.154616,0.273033,
2026-07-24T07:24:02.904508,2026-07-24T07:14:12+00:00,176,outbound,AKSS,1650,Plantation_Road,Alexandra_Hospital,,,51.340223,0.524838,
2026-07-24T07:24:02.904508,2026-07-24T07:23:42+00:00,146,inbound,AKSS,1651,The_George,Waterfront_Bus_Station,,,51.383836,0.50788,353
2026-07-24T07:24:02.904508,2026-07-24T07:23:52+00:00,146,outbound,AKSS,1652,Waterfront_Bus_Station,The_George,,,51.385321,0.508963,
2026-07-24T07:24:02.904508,2026-07-23T17:58:14+00:00,146,inbound,AKSS,1653,The_George,Waterfront_Bus_Station,,,51.384208,0.52368,
2026-07-24T07:24:02.904508,2026-07-24T07:23:36+00:00,146,inbound,AKSS,1654,The_George,Waterfront_Bus_Station,,,51.3636,0.504606,
2026-07-24T07:24:02.904508,2026-07-24T07:08:41+00:00,1,outbound,AKSS,1655,The_Strand,Chatham_Railway_Station,2026-07-24T06:48:00+00:00,2026-07-24T07:18:00+00:00,51.394038,0.530006,221
2026-07-24T07:24:02.904508,2026-07-24T07:15:16+00:00,281,inbound,AKSS,1656,Barnetts_Way,Parsonage_Close,,,51.134293,0.263765,181
2026-07-24T07:24:02.904508,2026-07-24T07:23:33+00:00,281,inbound,AKSS,1657,Barnetts_Way,Parsonage_Close,,,51.152293,0.27103,155
2026-07-24T07:24:02.904508,2026-07-24T07:23:51+00:00,219,outbound,AKSS,1658,Quarry_Hill_Parade,Pinnacles,2026-07-24T07:30:00+00:00,2026-07-24T07:46:00+00:00,51.190743,0.270383,
2026-07-24T07:24:02.904508,2026-07-23T17:09:14+00:00,281,outbound,AKSS,1659,Parsonage_Close,Barnetts_Way,,,51.1382,0.228016,
2026-07-24T07:24:02.904508,2026-07-24T07:23:54+00:00,277,outbound,AKSS,2484,Railway_Station,Tunbridge_Wells_Hospital,2026-07-24T06:58:00+00:00,2026-07-24T07:27:00+00:00,51.153833,0.29654,174
2026-07-24T07:24:02.904508,2026-07-24T07:09:49+00:00,219,inbound,AKSS,2951,Pinnacles,Tunbridge_Wells_Hospital,2026-07-24T06:33:00+00:00,2026-07-24T07:13:00+00:00,51.148358,0.306841,
2026-07-24T07:24:02.904508,2026-07-23T12:06:01+00:00,218,inbound,AKSS,2956,Pinnacles,Quarry_Hill_Parade,2026-07-23T11:35:00+00:00,2026-07-23T12:00:00+00:00,51.200001,0.276436,
2026-07-24T07:24:02.904508,2026-07-24T06:09:10+00:00,6H,inbound,AKSS,3020,Railway_Station,Tunbridge_Wells_Hospital,2026-07-24T05:48:00+00:00,2026-07-24T06:05:00+00:00,51.14812,0.307403,
2026-07-24T07:24:02.904508,2026-07-23T17:12:19+00:00,402,inbound,AKSS,3908,Old_West_Station_Sainsbury_s,Knole_Academy,,,51.271293,0.193503,
2026-07-24T07:24:02.904508,2026-07-24T07:23:39+00:00,82,inbound,AKSS,4071,Parade,Royal_Star_Arcade,2026-07-24T07:09:00+00:00,2026-07-24T07:41:00+00:00,51.255688,0.53286,
2026-07-24T07:24:02.904508,2026-07-24T07:23:48+00:00,85,inbound,AKSS,4072,Hever_Close,Chequers_Bus_Station,2026-07-24T07:23:00+00:00,2026-07-24T07:46:00+00:00,51.249181,0.56024,9
2026-07-24T07:24:02.904508,2026-07-24T07:23:56+00:00,82,outbound,AKSS,4074,Royal_Star_Arcade,Parade,2026-07-24T07:06:00+00:00,2026-07-24T07:31:00+00:00,51.249858,0.542165,141
2026-07-24T07:24:02.904508,2026-07-24T07:23:34+00:00,82,inbound,AKSS,4075,Parade,Royal_Star_Arcade,2026-07-24T07:22:00+00:00,2026-07-24T07:53:00+00:00,51.240256,0.557016,
2026-07-24T07:24:02.904508,2026-07-23T18:12:26+00:00,176,inbound,AKSS,4142,Alexandra_Hospital,Plantation_Road,,,51.388531,0.573693,
2026-07-24T07:24:02.904508,2026-07-23T23:00:53+00:00,166,inbound,AKSS,4143,The_Kestrel_Shopping_Centre,Waterfront_Bus_Station,2026-07-23T22:41:00+00:00,2026-07-23T23:12:00+00:00,51.377043,0.53651,
2026-07-24T07:24:02.904508,2026-07-24T07:23:40+00:00,1,outbound,AKSS,4144,The_Strand,Chatham_Railway_Station,2026-07-24T07:18:00+00:00,2026-07-24T07:43:00+00:00,51.396355,0.54635,257
2026-07-24T07:24:02.904508,2026-07-24T07:23:47+00:00,700,inbound,AKSS,4145,Waterfront_Bus_Station,Bus_Station,,,51.382146,0.516233,273
2026-07-24T07:24:02.904508,2026-07-24T07:15:17+00:00,140,inbound,AKSS,4146,Waterfront_Bus_Station,Bligh_Way_Shops,,,51.388098,0.466703,328
2026-07-24T07:24:02.904508,2026-07-23T15:28:59+00:00,191,inbound,AKSS,4150,Marina,Waterfront_Bus_Station,2026-07-23T13:14:00+00:00,2026-07-23T13:58:00+00:00,51.402735,0.513503,
2026-07-24T07:24:02.904508,2026-07-24T07:23:49+00:00,164,inbound,AKSS,4152,Chatham_Grove,Waterfront_Bus_Station,2026-07-24T07:12:00+00:00,2026-07-24T07:38:00+00:00,51.379785,0.530046,197
2026-07-24T07:24:02.904508,2026-07-24T07:23:29+00:00,166,inbound,AKSS,4154,The_Kestrel_Shopping_Centre,Waterfront_Bus_Station,,,51.380006,0.530651,
2026-07-24T07:24:02.904508,2026-07-24T07:23:46+00:00,219,inbound,AKSS,4217,Pinnacles,Tunbridge_Wells_Hospital,2026-07-24T07:08:00+00:00,2026-07-24T07:53:00+00:00,51.20874,0.28486,218
2026-07-24T07:24:02.904508,2026-07-24T07:23:55+00:00,116,outbound,AKSS,4219,Waterfront_Bus_Station,Hempstead_Valley_Shopping_Centre,2026-07-24T07:05:00+00:00,2026-07-24T08:11:00+00:00,51.386681,0.544365,199
2026-07-24T07:24:02.904508,2026-07-24T07:18:46+00:00,132,outbound,AKSS,4220,Hempstead_Valley_Shopping_Centre,Grammar_Schools,,,51.385253,0.5243,
2026-07-24T07:24:02.904508,2026-07-24T07:23:51+00:00,176,outbound,AKSS,4222,Plantation_Road,Alexandra_Hospital,,,51.356773,0.521483,179
2026-07-24T07:24:02.904508,2026-07-24T07:23:25+00:00,132,outbound,AKSS,4223,Hempstead_Valley_Shopping_Centre,Grammar_Schools,,,51.37244,0.558963,287
2026-07-24T07:24:02.904508,2026-07-23T16:29:54+00:00,140,outbound,AKSS,4224,Bligh_Way_Shops,Waterfront_Bus_Station,2026-07-23T15:56:00+00:00,2026-07-23T16:29:00+00:00,51.384666,0.524025,
2026-07-24T07:24:02.904508,2026-07-24T07:12:47+00:00,116,outbound,AKSS,4261,Waterfront_Bus_Station,Hempstead_Valley_Shopping_Centre,2026-07-24T06:20:00+00:00,2026-07-24T07:33:00+00:00,51.353983,0.59155,
2026-07-24T07:24:02.904508,2026-07-24T07:23:25+00:00,175,outbound,AKSS,4262,King_Street,Waterfront_Bus_Station,,,51.379453,0.543531,
2026-07-24T07:24:02.904508,2026-07-24T07:23:41+00:00,175,inbound,AKSS,4263,Waterfront_Bus_Station,King_Street,,,51.385206,0.524131,
2026-07-24T07:24:02.904508,2026-07-24T07:23:23+00:00,177,inbound,AKSS,4264,Alexandra_Hospital,Plantation_Road,,,51.385008,0.52454,
2026-07-24T07:24:02.904508,2026-07-24T07:23:58+00:00,132,outbound,AKSS,4266,Hempstead_Valley_Shopping_Centre,Waterfront_Bus_Station,2026-07-24T07:30:00+00:00,2026-07-24T08:22:00+00:00,51.340308,0.572495,
2026-07-24T07:24:02.904508,2026-07-24T07:23:39+00:00,176,inbound,AKSS,4268,Alexandra_Hospital,Plantation_Road,,,51.347368,0.520549,72
2026-07-24T07:24:02.904508,2026-07-24T07:23:46+00:00,176,inbound,AKSS,4269,Alexandra_Hospital,Plantation_Road,,,51.387381,0.544728,34
2026-07-24T07:24:02.904508,2026-07-24T07:20:01+00:00,132,inbound,AKSS,4270,Grammar_Schools,Hempstead_Valley_Shopping_Centre,,,51.38554,0.524845,55
2026-07-24T07:24:02.904508,2026-07-24T07:23:41+00:00,182,outbound,AKSS,4271,Waterfront_Bus_Station,Beechings_Green,,,51.371118,0.593145,42
2026-07-24T07:24:02.904508,2026-07-24T07:23:54+00:00,141,outbound,AKSS,4272,Bligh_Way_Shops,Waterfront_Bus_Station,,,51.395755,0.491246,47
2026-07-24T07:24:02.904508,2026-07-24T07:23:43+00:00,182,outbound,AKSS,4273,Waterfront_Bus_Station,Beechings_Green,,,51.37981,0.576716,113
2026-07-24T07:24:02.904508,2026-07-24T05:42:05+00:00,166,inbound,AKSS,4280,The_Kestrel_Shopping_Centre,Waterfront_Bus_Station,2026-07-24T04:40:00+00:00,2026-07-24T05:13:00+00:00,51.380675,0.52141,
2026-07-24T07:24:02.904508,2026-07-23T17:02:06+00:00,191,inbound,AKSS,4281,Lapwing_Road,Waterfront_Bus_Station,,,51.433823,0.563891,
2026-07-24T07:24:02.904508,2026-07-24T07:23:51+00:00,85,inbound,AKSS,4282,Hever_Close,Chequers_Bus_Station,2026-07-24T07:05:00+00:00,2026-07-24T07:28:00+00:00,51.273588,0.526766,270
2026-07-24T07:24:02.904508,2026-07-23T18:13:41+00:00,85,inbound,AKSS,4283,Hever_Close,Chequers_Bus_Station,2026-07-23T17:59:00+00:00,2026-07-23T18:16:00+00:00,51.272213,0.527123,
2026-07-24T07:24:02.904508,2026-07-24T07:23:55+00:00,85,outbound,AKSS,4284,Chequers_Bus_Station,Hever_Close,2026-07-24T07:15:00+00:00,2026-07-24T07:36:00+00:00,51.263656,0.534581,170
2026-07-24T07:24:02.904508,2026-07-24T07:23:50+00:00,182,inbound,AKSS,4289,Shops,Waterfront_Bus_Station,,,51.382751,0.556521,349
2026-07-24T07:24:02.904508,2026-07-24T07:23:29+00:00,140,inbound,AKSS,4290,Waterfront_Bus_Station,Bligh_Way_Shops,,,51.384665,0.52382,
2026-07-24T07:24:02.904508,2026-07-24T07:23:44+00:00,132,inbound,AKSS,4291,Grammar_Schools,Hempstead_Valley_Shopping_Centre,,,51.339056,0.59121,218
2026-07-24T07:24:02.904508,2026-07-24T07:13:59+00:00,166,outbound,AKSS,4292,Chatham_Railway_Station,Lordswood_Close,,,51.380356,0.53029,184
2026-07-24T07:24:02.904508,2026-07-23T22:48:57+00:00,132,inbound,AKSS,4293,Waterfront_Bus_Station,Hempstead_Valley_Shopping_Centre,2026-07-23T22:23:00+00:00,2026-07-23T22:52:00+00:00,51.342448,0.580056,335
2026-07-24T07:24:02.904508,2026-07-23T18:08:28+00:00,89,inbound,AKSS,4296,Spice_Lounge,King_Street,2026-07-23T17:39:00+00:00,2026-07-23T18:01:00+00:00,51.273918,0.523875,
2026-07-24T07:24:02.904508,2026-07-24T07:23:56+00:00,166,inbound,AKSS,4298,The_Kestrel_Shopping_Centre,Waterfront_Bus_Station,,,51.342335,0.537053,10
2026-07-24T07:24:02.904508,2026-07-24T07:23:56+00:00,140,outbound,AKSS,4299,Bligh_Way_Shops,Waterfront_Bus_Station,,,51.393533,0.49906,133
2026-07-24T07:24:02.904508,2026-07-24T07:23:45+00:00,176,outbound,AKSS,4300,Plantation_Road,Alexandra_Hospital,,,51.390313,0.559998,24
2026-07-24T07:24:02.904508,2026-07-24T07:23:42+00:00,182,inbound,AKSS,4308,Beechings_Green,Waterfront_Bus_Station,2026-07-24T06:50:00+00:00,2026-07-24T07:17:00+00:00,51.384718,0.52385,
2026-07-24T07:24:02.904508,2026-07-24T07:23:38+00:00,166,outbound,AKSS,4312,Chatham_Railway_Station,Lordswood_Close,,,51.38515,0.524766,
2026-07-24T07:24:02.904508,2026-07-24T07:02:20+00:00,133,outbound,AKSS,4313,The_Six_Bells,Huntsmans_Corner,,,51.385088,0.524191,
2026-07-24T07:24:02.904508,2026-07-24T07:23:32+00:00,132,outbound,AKSS,4314,Hempstead_Valley_Shopping_Centre,Waterfront_Bus_Station,2026-07-24T07:10:00+00:00,2026-07-24T08:04:00+00:00,51.35553,0.601523,51
2026-07-24T07:24:02.904508,2026-07-24T07:23:43+00:00,182,inbound,AKSS,4316,Shops,Waterfront_Bus_Station,,,51.392698,0.5289,307
2026-07-24T07:24:02.904508,2026-07-24T07:17:54+00:00,166,outbound,AKSS,4317,Chatham_Railway_Station,Lordswood_Close,,,51.35797,0.542826,210
2026-07-24T07:24:02.904508,2026-07-23T07:37:28+00:00,182,inbound,AKSS,4319,Shops,Waterfront_Bus_Station,,,51.384576,0.523891,
2026-07-24T07:24:02.904508,2026-07-24T07:23:50+00:00,3,inbound,AKSS,4340,Maidstone_Hospital,Chequers_Bus_Station,2026-07-24T07:12:00+00:00,2026-07-24T07:40:00+00:00,51.26845,0.497831,
2026-07-24T07:24:02.904508,2026-07-23T19:13:07+00:00,3,outbound,AKSS,4341,Chequers_Bus_Station,Maidstone_Hospital,2026-07-23T18:55:00+00:00,2026-07-23T19:12:00+00:00,51.273721,0.483211,
2026-07-24T07:24:02.904508,2026-07-24T07:23:47+00:00,218,outbound,AKSS,4349,Tunbridge_Wells_Hospital,Pinnacles,2026-07-24T07:00:00+00:00,2026-07-24T07:30:00+00:00,51.207785,0.277921,5
2026-07-24T07:24:02.904508,2026-07-24T07:23:46+00:00,82,outbound,AKSS,4350,Royal_Star_Arcade,Parade,2026-07-24T07:31:00+00:00,2026-07-24T07:56:00+00:00,51.273385,0.521813,
2026-07-24T07:24:02.904508,2026-07-24T07:23:55+00:00,3,outbound,AKSS,4351,Chequers_Bus_Station,Maidstone_Hospital,2026-07-24T07:23:00+00:00,2026-07-24T07:49:00+00:00,51.271968,0.526661,
2026-07-24T07:24:02.904508,2026-07-24T07:23:38+00:00,82,outbound,AKSS,4352,Royal_Star_Arcade,Parade,2026-07-24T07:18:00+00:00,2026-07-24T07:43:00+00:00,51.27084,0.525178,160
2026-07-24T07:24:02.904508,2026-07-23T13:28:47+00:00,7,outbound,AKSS,4355,Chequers_Bus_Station,Railway_Station,2026-07-23T11:36:00+00:00,2026-07-23T13:04:00+00:00,51.273366,0.521665,
2026-07-24T07:24:02.904508,2026-07-24T07:23:52+00:00,3,inbound,AKSS,4471,Maidstone_Hospital,Chequers_Bus_Station,2026-07-24T07:35:00+00:00,2026-07-24T08:01:00+00:00,51.273781,0.483228,
2026-07-24T07:24:02.904508,2026-07-24T07:22:43+00:00,6,outbound,AKSS,5457,Invicta_Girls__Grammar_School,Railway_Station,,,51.260426,0.454443,238
2026-07-24T07:24:02.904508,2026-07-23T16:28:33+00:00,219,inbound,AKSS,5458,Pinnacles,Tunbridge_Wells_Hospital,2026-07-23T15:32:00+00:00,2026-07-23T16:16:00+00:00,51.160498,0.295956,
2026-07-24T07:24:02.904508,2026-07-24T07:23:52+00:00,177,outbound,AKSS,5459,Plantation_Road,Alexandra_Hospital,,,51.358341,0.525953,261
2026-07-24T07:24:02.904508,2026-07-24T07:23:34+00:00,132,inbound,AKSS,5460,Grammar_Schools,Hempstead_Valley_Shopping_Centre,,,51.366186,0.596646,106
2026-07-24T07:24:02.904508,2026-07-23T18:19:42+00:00,700,outbound,AKSS,5463,Bus_Station,Waterfront_Bus_Station,2026-07-23T17:40:00+00:00,2026-07-23T18:16:00+00:00,51.38229,0.522533,
2026-07-24T07:24:02.904508,2026-07-24T07:23:28+00:00,191,outbound,AKSS,5466,Waterfront_Bus_Station,Lapwing_Road,,,51.463345,0.61491,67
2026-07-24T07:24:02.904508,2026-07-24T07:23:27+00:00,71,outbound,AKSS,5467,Chequers_Bus_Station,Railway_Station,2026-07-24T06:40:00+00:00,2026-07-24T07:37:00+00:00,51.312131,0.432495,11
2026-07-24T07:24:02.904508,2026-07-24T07:23:31+00:00,402,inbound,AKSS,6141,Old_West_Station_Sainsbury_s,Knole_Academy,,,51.195955,0.275273,
2026-07-24T07:24:02.904508,2026-07-23T18:42:41+00:00,402,outbound,AKSS,6151,Bus_Station,Railway_Station,2026-07-23T18:00:00+00:00,2026-07-23T18:46:00+00:00,51.132508,0.26351,
2026-07-24T07:24:02.904508,2026-07-24T07:23:44+00:00,402,outbound,AKSS,6200,Rose_and_Crown,Old_West_Station_Sainsbury_s,,,51.18034,0.262763,212
2026-07-24T07:24:02.904508,2026-07-24T07:09:40+00:00,402,outbound,AKSS,6202,Rose_and_Crown,Old_West_Station_Sainsbury_s,,,51.12993,0.263711,9
2026-07-24T07:24:02.904508,2026-07-23T17:19:58+00:00,6,inbound,AKSS,6203,Railway_Station,Invicta_Girls__Grammar_School,,,51.217791,0.393785,109
2026-07-24T07:24:02.904508,2026-07-24T07:08:35+00:00,6,inbound,AKSS,6204,Railway_Station,Invicta_Girls__Grammar_School,,,51.18431,0.38745,
2026-07-24T07:24:02.904508,2026-07-24T07:23:32+00:00,6,inbound,AKSS,6205,Railway_Station,Invicta_Girls__Grammar_School,,,51.130371,0.263048,
2026-07-24T07:24:02.904508,2026-07-24T07:23:49+00:00,82,outbound,AKSS,6402,Royal_Star_Arcade,Parade,2026-07-24T07:44:00+00:00,2026-07-24T08:09:00+00:00,51.27325,0.521293,
2026-07-24T07:24:02.904508,2026-07-23T17:32:08+00:00,12,outbound,AKSS,6472,Royal_Star_Arcade,The_Vine,2026-07-23T17:00:00+00:00,2026-07-23T18:10:00+00:00,51.227286,0.589951,143
2026-07-24T07:24:02.904508,2026-07-23T17:14:46+00:00,176,inbound,AKSS,6473,Alexandra_Hospital,Plantation_Road,,,51.388341,0.574216,291
2026-07-24T07:24:02.904508,2026-07-24T07:23:54+00:00,116,inbound,AKSS,6474,Hempstead_Valley_Shopping_Centre,Waterfront_Bus_Station,2026-07-24T07:21:00+00:00,2026-07-24T08:28:00+00:00,51.342371,0.576815,57
2026-07-24T07:24:02.904508,2026-07-23T23:20:55+00:00,132,inbound,AKSS,6475,Waterfront_Bus_Station,Hempstead_Valley_Shopping_Centre,2026-07-23T22:53:00+00:00,2026-07-23T23:22:00+00:00,51.340506,0.573029,
2026-07-24T07:24:02.904508,2026-07-23T17:08:46+00:00,101,inbound,AKSS,6476,Shops,Chequers_Bus_Station,,,51.273618,0.527021,
2026-07-24T07:24:02.904508,2026-07-23T11:53:26+00:00,155,outbound,AKSS,6477,Village_Surgery,Waterfront_Bus_Station,2026-07-23T11:40:00+00:00,2026-07-23T11:56:00+00:00,51.38229,0.522801,30
2026-07-24T07:24:02.904508,2026-07-23T16:37:42+00:00,101,inbound,AKSS,6478,Shops,Chequers_Bus_Station,,,51.272405,0.5268,
2026-07-24T07:24:02.904508,2026-07-23T17:32:29+00:00,101,outbound,AKSS,6479,Chequers_Bus_Station,Duncan_Road,2026-07-23T16:34:00+00:00,2026-07-23T17:32:00+00:00,51.38437,0.55061,
2026-07-24T07:24:02.904508,2026-07-24T07:23:54+00:00,141,outbound,AKSS,6480,Bligh_Way_Shops,Waterfront_Bus_Station,,,51.384738,0.52434,
2026-07-24T07:24:02.904508,2026-07-23T17:47:30+00:00,175,inbound,AKSS,6481,Waterfront_Bus_Station,King_Street,,,51.387455,0.54911,
2026-07-24T07:24:02.904508,2026-07-24T07:23:34+00:00,7,outbound,AKSS,6482,Chequers_Bus_Station,Railway_Station,2026-07-24T06:48:00+00:00,2026-07-24T08:29:00+00:00,51.25724,0.415276,
2026-07-24T07:24:02.904508,2026-07-23T17:54:37+00:00,191,outbound,AKSS,6483,Waterfront_Bus_Station,Lapwing_Road,,,51.386648,0.550875,
2026-07-24T07:24:02.904508,2026-07-23T17:49:02+00:00,182,inbound,AKSS,6484,Beechings_Green,Waterfront_Bus_Station,2026-07-23T17:23:00+00:00,2026-07-23T17:49:00+00:00,51.384346,0.523986,173
2026-07-24T07:24:02.904508,2026-07-24T07:23:47+00:00,89,outbound,AKSS,6492,King_Street,Spice_Lounge,2026-07-24T07:12:00+00:00,2026-07-24T07:44:00+00:00,51.270858,0.525345,163
2026-07-24T07:24:02.904508,2026-07-24T07:23:47+00:00,7,inbound,AKSS,6500,Railway_Station,Chequers_Bus_Station,2026-07-24T06:29:00+00:00,2026-07-24T08:00:00+00:00,51.238098,0.366973,29
2026-07-24T07:24:02.904508,2026-07-24T07:23:39+00:00,6X,outbound,AKSS,6501,Maidstone_Hospital,Tunbridge_Wells_Hospital,2026-07-24T07:05:00+00:00,2026-07-24T07:49:00+00:00,51.255076,0.424515,
2026-07-24T07:24:02.904508,2026-07-24T07:23:37+00:00,7,inbound,AKSS,6502,Railway_Station,Chequers_Bus_Station,2026-07-24T06:54:00+00:00,2026-07-24T08:23:00+00:00,51.190731,0.270223,
2026-07-24T07:24:02.904508,2026-07-24T07:06:50+00:00,5,inbound,AKSS,6503,The_Eight_Bells,Invicta_Girls__Grammar_School,2026-07-24T05:44:00+00:00,2026-07-24T07:12:00+00:00,51.273108,0.526691,
2026-07-24T07:24:02.904508,2026-07-24T07:23:36+00:00,71,inbound,AKSS,6504,Railway_Station,Chequers_Bus_Station,2026-07-24T06:39:00+00:00,2026-07-24T07:55:00+00:00,51.29422,0.472101,
2026-07-24T07:24:02.904508,2026-07-24T06:55:33+00:00,9,inbound,AKSS,6505,Pennine_Way,Oakwood_Park,2026-07-24T06:11:00+00:00,2026-07-24T07:17:00+00:00,51.273395,0.526753,
2026-07-24T07:24:02.904508,2026-07-24T07:05:06+00:00,12,inbound,AKSS,6509,The_Vine,Invicta_Girls__Grammar_School,2026-07-24T06:01:00+00:00,2026-07-24T07:23:00+00:00,51.273015,0.520723,56
2026-07-24T07:24:02.904508,2026-07-24T07:23:24+00:00,7,inbound,AKSS,6510,Railway_Station,Chequers_Bus_Station,2026-07-24T06:10:00+00:00,2026-07-24T07:35:00+00:00,51.271815,0.514401,113
2026-07-24T07:24:02.904508,2026-07-23T19:06:57+00:00,82,inbound,AKSS,6511,Parade,Royal_Star_Arcade,2026-07-23T18:50:00+00:00,2026-07-23T19:07:00+00:00,51.273575,0.521501,
2026-07-24T07:24:02.904508,2026-07-24T07:23:44+00:00,71,outbound,AKSS,6512,Chequers_Bus_Station,Lunsford_Park_Tesco,2026-07-24T07:10:00+00:00,2026-07-24T07:52:00+00:00,51.277085,0.508183,
2026-07-24T07:24:02.904508,2026-07-24T07:23:45+00:00,89,inbound,AKSS,6513,Spice_Lounge,King_Street,2026-07-24T07:06:00+00:00,2026-07-24T07:35:00+00:00,51.258446,0.530901,
2026-07-24T07:24:02.904508,2026-07-24T07:23:51+00:00,5,outbound,AKSS,6514,Chequers_Bus_Station,The_Eight_Bells,2026-07-24T06:12:00+00:00,2026-07-24T07:26:00+00:00,51.087393,0.513978,214
2026-07-24T07:24:02.904508,2026-07-24T07:23:32+00:00,5,inbound,AKSS,6516,The_Eight_Bells,Chequers_Bus_Station,2026-07-24T08:35:00+00:00,2026-07-24T09:44:00+00:00,51.270296,0.522751,356
2026-07-24T07:24:02.904508,2026-07-23T18:13:22+00:00,72,inbound,AKSS,6520,Asda,Chequers_Bus_Station,2026-07-23T17:22:00+00:00,2026-07-23T18:14:00+00:00,51.273325,0.526843,
2026-07-24T07:24:02.904508,2026-07-24T07:23:55+00:00,7,outbound,AKSS,6522,Chequers_Bus_Station,Railway_Station,2026-07-24T07:27:00+00:00,2026-07-24T08:59:00+00:00,51.274173,0.523523,
2026-07-24T07:24:02.904508,2026-07-24T07:23:43+00:00,6X,inbound,AKSS,6532,Tunbridge_Wells_Hospital,Maidstone_Hospital,2026-07-24T07:12:00+00:00,2026-07-24T07:50:00+00:00,51.195871,0.38821,52
2026-07-24T07:24:02.904508,2026-07-24T07:23:49+00:00,7,outbound,AKSS,6533,Chequers_Bus_Station,Railway_Station,2026-07-24T06:05:00+00:00,2026-07-24T07:48:00+00:00,51.156573,0.259978,
2026-07-24T07:24:02.904508,2026-07-24T07:23:23+00:00,12,outbound,AKSS,6535,Royal_Star_Arcade,The_Vine,,,51.149301,0.638138,163
2026-07-24T07:24:02.904508,2026-07-24T07:23:45+00:00,71,inbound,AKSS,6537,Railway_Station,Chequers_Bus_Station,2026-07-24T07:18:00+00:00,2026-07-24T08:16:00+00:00,51.323226,0.439246,199
2026-07-24T07:24:02.904508,2026-07-23T21:06:39+00:00,6X,inbound,AKSS,6538,Tunbridge_Wells_Hospital,Maidstone_Hospital,2026-07-23T20:31:00+00:00,2026-07-23T21:01:00+00:00,51.270513,0.525515,164
2026-07-24T07:24:02.904508,2026-07-24T07:08:56+00:00,7,outbound,AKSS,6539,Chequers_Bus_Station,Railway_Station,2026-07-24T05:38:00+00:00,2026-07-24T07:20:00+00:00,51.131038,0.263376,
2026-07-24T07:24:02.904508,2026-07-24T07:23:57+00:00,7,outbound,AKSS,6541,Chequers_Bus_Station,Railway_Station,2026-07-24T06:27:00+00:00,2026-07-24T08:10:00+00:00,51.20788,0.301561,
2026-07-24T07:24:02.904508,2026-07-23T14:11:11+00:00,9,inbound,AKSS,6542,Tesco,Chequers_Bus_Station,2026-07-23T13:58:00+00:00,2026-07-23T14:12:00+00:00,51.272833,0.526611,
2026-07-24T07:24:02.904508,2026-07-24T07:23:31+00:00,141,inbound,AKSS,6543,Waterfront_Bus_Station,Bligh_Way_Shops,,,51.394038,0.462646,297
2026-07-24T07:24:02.904508,2026-07-23T21:04:12+00:00,700,outbound,AKSS,6558,Bus_Station,Waterfront_Bus_Station,2026-07-23T20:32:00+00:00,2026-07-23T21:06:00+00:00,51.385035,0.524143,
2026-07-24T07:24:02.904508,2026-07-24T07:23:47+00:00,101,outbound,AKSS,6559,Chequers_Bus_Station,Beechings_Green,,,51.3582,0.510264,56
2026-07-24T07:24:02.904508,2026-07-24T07:23:51+00:00,101,outbound,AKSS,6561,Chequers_Bus_Station,Beechings_Green,,,51.273541,0.520956,
2026-07-24T07:24:02.904508,2026-07-24T07:22:54+00:00,101,outbound,AKSS,6562,Chequers_Bus_Station,Beechings_Green,,,51.291463,0.51749,1
2026-07-24T07:24:02.904508,2026-07-24T07:18:33+00:00,101,inbound,AKSS,6563,Shops,Chequers_Bus_Station,,,51.271835,0.521128,
2026-07-24T07:24:02.904508,2026-07-24T07:23:56+00:00,191,inbound,AKSS,6564,Lapwing_Road,Waterfront_Bus_Station,,,51.42007,0.561818,277
2026-07-24T07:24:02.904508,2026-07-24T07:23:53+00:00,101,outbound,AKSS,6565,Chequers_Bus_Station,Beechings_Green,,,51.384805,0.52393,347
2026-07-24T07:24:02.904508,2026-07-24T07:23:53+00:00,101,outbound,AKSS,6566,Chequers_Bus_Station,Beechings_Green,,,51.3909,0.53667,142
2026-07-24T07:24:02.904508,2026-07-24T07:23:42+00:00,101,inbound,AKSS,6567,Shops,Chequers_Bus_Station,,,51.375936,0.522566,203
2026-07-24T07:24:02.904508,2026-07-24T07:23:44+00:00,101,inbound,AKSS,6568,Shops,Chequers_Bus_Station,,,51.385038,0.550964,15
2026-07-24T07:24:02.904508,2026-07-24T07:23:52+00:00,101,inbound,AKSS,6569,Duncan_Road,Chequers_Bus_Station,2026-07-24T07:11:00+00:00,2026-07-24T08:09:00+00:00,51.38542,0.524628,213
2026-07-24T07:24:02.904508,2026-07-24T07:16:46+00:00,101,outbound,AKSS,6570,Chequers_Bus_Station,Beechings_Green,,,51.386253,0.550198,188
2026-07-24T07:24:02.904508,2026-07-24T07:23:57+00:00,101,inbound,AKSS,6571,Shops,Chequers_Bus_Station,,,51.272826,0.518533,169
2026-07-24T07:24:02.904508,2026-07-23T11:16:43+00:00,182,inbound,AKSS,SP_GM,Beechings_Green,Waterfront_Bus_Station,2026-07-23T10:59:00+00:00,2026-07-23T11:26:00+00:00,51.384143,0.550363,
2026-07-24T07:24:02.904508,2026-07-23T19:48:46+00:00,RR,outbound,AKSS,SP_TW,Rail_Replacement,Rail_Replacement,,,51.161798,0.256043,
2026-07-24T07:24:02.904508,2026-07-24T07:23:44+00:00,483,outbound,AMTM,1563,Barrack_Row,Bus_Station,2026-07-24T06:39:00+00:00,2026-07-24T07:25:00+00:00,51.441851,0.280411,301
2026-07-24T07:24:02.904508,2026-07-23T21:31:13+00:00,480,outbound,AMTM,1613,Joyce_Green_Lane_Terminus,Barrack_Row,2026-07-23T20:40:00+00:00,2026-07-23T21:31:00+00:00,51.441846,0.366105,
2026-07-24T07:24:02.904508,2026-07-24T07:23:26+00:00,414,inbound,AMTM,1633,Home_Gardens,Gorringe_Avenue,2026-07-24T08:00:00+00:00,2026-07-24T08:21:00+00:00,51.447741,0.218951,
2026-07-24T07:24:02.904508,2026-07-24T07:20:13+00:00,481,inbound,AMTM,1641,Bus_Station,Cascades_Leisure_Centre,,,51.419463,0.400426,
2026-07-24T07:24:02.904508,2026-07-24T07:23:31+00:00,483,inbound,AMTM,2325,Bus_Station,Barrack_Row,2026-07-24T06:56:00+00:00,2026-07-24T07:51:00+00:00,51.426133,0.340183,
2026-07-24T07:24:02.904508,2026-07-24T07:23:49+00:00,482,inbound,AMTM,2326,Barrack_Row,Mungo_Park_Road,2026-07-24T07:17:00+00:00,2026-07-24T07:33:00+00:00,51.431933,0.374676,153
2026-07-24T07:24:02.904508,2026-07-24T07:23:41+00:00,483,outbound,AMTM,2327,Barrack_Row,Bus_Station,2026-07-24T07:19:00+00:00,2026-07-24T08:06:00+00:00,51.433553,0.350781,243
2026-07-24T07:24:02.904508,2026-07-24T07:23:27+00:00,491,outbound,AMTM,4088,Barrack_Row,Cascades_Leisure_Centre,2026-07-24T07:28:00+00:00,2026-07-24T07:50:00+00:00,51.44178,0.366195,
2026-07-24T07:24:02.904508,2026-07-23T18:33:32+00:00,490,inbound,AMTM,4089,Mackenzie_Way_Shops,Barrack_Row,2026-07-23T18:20:00+00:00,2026-07-23T18:35:00+00:00,51.440513,0.368276,
2026-07-24T07:24:02.904508,2026-07-24T07:21:04+00:00,491,outbound,AMTM,4090,Barrack_Row,Cascades_Leisure_Centre,2026-07-24T07:04:00+00:00,2026-07-24T07:25:00+00:00,51.419605,0.400473,
2026-07-24T07:24:02.904508,2026-07-24T07:23:42+00:00,480,outbound,AMTM,4091,Joyce_Green_Lane_Terminus,Cascades_Leisure_Centre,,,51.446581,0.218278,
2026-07-24T07:24:02.904508,2026-07-24T07:23:41+00:00,490,outbound,AMTM,4092,Home_Gardens,Cascades_Leisure_Centre,,,51.43841,0.387426,140
2026-07-24T07:24:02.904508,2026-07-24T07:23:55+00:00,491,inbound,AMTM,4306,Cascades,Barrack_Row,,,51.429496,0.38567,
2026-07-24T07:24:02.904508,2026-07-24T07:23:32+00:00,480,inbound,AMTM,4307,Barrack_Row,Joyce_Green_Lane_Terminus,2026-07-24T06:36:00+00:00,2026-07-24T07:50:00+00:00,51.446391,0.21841,
2026-07-24T07:24:02.904508,2026-07-23T14:22:05+00:00,190,inbound,AMTM,4310,Waterfront_Bus_Station,Barrack_Row,,,51.440483,0.368296,
2026-07-24T07:24:02.904508,2026-07-24T07:23:53+00:00,190,inbound,AMTM,4311,Waterfront_Bus_Station,Barrack_Row,,,51.396736,0.484386,323
2026-07-24T07:24:02.904508,2026-07-24T07:14:28+00:00,190,inbound,AMTM,4315,Waterfront_Bus_Station,Barrack_Row,,,51.441838,0.365345,
2026-07-24T07:24:02.904508,2026-07-24T07:23:48+00:00,480,outbound,AMTM,4323,Joyce_Green_Lane_Terminus,Cascades_Leisure_Centre,,,51.44401,0.335768,139
2026-07-24T07:24:02.904508,2026-07-24T07:23:59+00:00,480,outbound,AMTM,4324,Joyce_Green_Lane_Terminus,Cascades_Leisure_Centre,,,51.448988,0.30933,157
2026-07-24T07:24:02.904508,2026-07-24T07:23:40+00:00,480,inbound,AMTM,4325,Cascades,Joyce_Green_Lane_Terminus,,,51.437831,0.275045,45
2026-07-24T07:24:02.904508,2026-07-24T07:23:50+00:00,480,inbound,AMTM,4326,Cascades,Joyce_Green_Lane_Terminus,,,51.441715,0.365928,
2026-07-24T07:24:02.904508,2026-07-24T05:59:05+00:00,480,inbound,AMTM,4328,Barrack_Row,Joyce_Green_Lane_Terminus,2026-07-24T05:09:00+00:00,2026-07-24T06:03:00+00:00,51.459053,0.226195,
2026-07-24T07:24:02.904508,2026-07-24T07:23:38+00:00,190,outbound,AMTM,4329,Barrack_Row,Waterfront_Bus_Station,,,51.385076,0.524808,
2026-07-24T07:24:02.904508,2026-07-24T07:23:48+00:00,480,outbound,AMTM,4330,Joyce_Green_Lane_Terminus,Cascades_Leisure_Centre,,,51.446501,0.264023,
2026-07-24T07:24:02.904508,2026-07-24T07:23:47+00:00,490,inbound,AMTM,4332,Cascades_Leisure_Centre,Prospect_Place,,,51.411683,0.384461,183
2026-07-24T07:24:02.904508,2026-07-24T07:15:09+00:00,700,outbound,AMTM,4333,Bus_Station,Waterfront_Bus_Station,,,51.384763,0.524495,
2026-07-24T07:24:02.904508,2026-07-24T07:23:55+00:00,480,inbound,AMTM,4334,Barrack_Row,Joyce_Green_Lane_Terminus,2026-07-24T07:06:00+00:00,2026-07-24T08:15:00+00:00,51.450151,0.308768,282
2026-07-24T07:24:02.904508,2026-07-24T07:23:47+00:00,480,inbound,AMTM,4335,Cascades,Joyce_Green_Lane_Terminus,,,51.442268,0.349701,271
2026-07-24T07:24:02.904508,2026-07-24T07:17:57+00:00,480,outbound,AMTM,4338,Joyce_Green_Lane_Terminus,Cascades_Leisure_Centre,,,51.459145,0.226188,
2026-07-24T07:24:02.904508,2026-07-24T07:23:25+00:00,700,inbound,AMTM,4346,Waterfront_Bus_Station,Bus_Station,,,51.43771,0.27614,
2026-07-24T07:24:02.904508,2026-07-24T07:23:30+00:00,190,outbound,AMTM,4354,Barrack_Row,Waterfront_Bus_Station,,,51.439113,0.38397,99
2026-07-24T07:25:04.318151,2026-07-23T22:01:00+00:00,277,outbound,AKSS,1466,Railway_Station,Tunbridge_Wells_Hospital,2026-07-23T21:15:00+00:00,2026-07-23T21:40:00+00:00,51.160268,0.294988,
2026-07-24T07:25:04.318151,2026-07-24T07:24:45+00:00,281,outbound,AKSS,1501,Parsonage_Close,Barnetts_Way,,,51.135325,0.263036,
2026-07-24T07:25:04.318151,2026-07-23T21:06:56+00:00,277,outbound,AKSS,1502,Railway_Station,Tunbridge_Wells_Hospital,2026-07-23T20:45:00+00:00,2026-07-23T21:10:00+00:00,51.154758,0.295441,65
2026-07-24T07:25:04.318151,2026-07-24T07:24:33+00:00,277,inbound,AKSS,1503,Tunbridge_Wells_Hospital,Railway_Station,2026-07-24T06:55:00+00:00,2026-07-24T07:30:00+00:00,51.13332,0.265313,
2026-07-24T07:25:04.318151,2026-07-24T06:35:16+00:00,281,outbound,AKSS,1522,Parsonage_Close,Barnetts_Way,,,51.154616,0.273033,
2026-07-24T07:25:04.318151,2026-07-24T07:24:33+00:00,177,inbound,AKSS,1650,Alexandra_Hospital,Plantation_Road,,,51.339971,0.525008,195
2026-07-24T07:25:04.318151,2026-07-24T07:24:26+00:00,146,inbound,AKSS,1651,The_George,Waterfront_Bus_Station,,,51.384741,0.507771,343
2026-07-24T07:25:04.318151,2026-07-24T07:24:49+00:00,146,outbound,AKSS,1652,Waterfront_Bus_Station,The_George,,,51.385261,0.50781,161
2026-07-24T07:25:04.318151,2026-07-23T17:58:14+00:00,146,inbound,AKSS,1653,The_George,Waterfront_Bus_Station,,,51.384208,0.52368,
2026-07-24T07:25:04.318151,2026-07-24T07:24:42+00:00,146,inbound,AKSS,1654,The_George,Waterfront_Bus_Station,,,51.363618,0.504611,
2026-07-24T07:25:04.318151,2026-07-24T07:08:41+00:00,1,outbound,AKSS,1655,The_Strand,Chatham_Railway_Station,2026-07-24T06:48:00+00:00,2026-07-24T07:18:00+00:00,51.394038,0.530006,221
2026-07-24T07:25:04.318151,2026-07-24T07:15:16+00:00,281,inbound,AKSS,1656,Barnetts_Way,Parsonage_Close,,,51.134293,0.263765,181
2026-07-24T07:25:04.318151,2026-07-24T07:23:33+00:00,281,inbound,AKSS,1657,Barnetts_Way,Parsonage_Close,,,51.152293,0.27103,155
2026-07-24T07:25:04.318151,2026-07-24T07:24:24+00:00,219,outbound,AKSS,1658,Quarry_Hill_Parade,Pinnacles,2026-07-24T07:30:00+00:00,2026-07-24T07:46:00+00:00,51.19074,0.270371,
2026-07-24T07:25:04.318151,2026-07-23T17:09:14+00:00,281,outbound,AKSS,1659,Parsonage_Close,Barnetts_Way,,,51.1382,0.228016,
2026-07-24T07:25:04.318151,2026-07-24T07:24:32+00:00,277,outbound,AKSS,2484,Railway_Station,Tunbridge_Wells_Hospital,2026-07-24T06:58:00+00:00,2026-07-24T07:27:00+00:00,51.152586,0.296013,259
2026-07-24T07:25:04.318151,2026-07-24T07:09:49+00:00,219,inbound,AKSS,2951,Pinnacles,Tunbridge_Wells_Hospital,2026-07-24T06:33:00+00:00,2026-07-24T07:13:00+00:00,51.148358,0.306841,
2026-07-24T07:25:04.318151,2026-07-23T12:06:01+00:00,218,inbound,AKSS,2956,Pinnacles,Quarry_Hill_Parade,2026-07-23T11:35:00+00:00,2026-07-23T12:00:00+00:00,51.200001,0.276436,
2026-07-24T07:25:04.318151,2026-07-24T06:09:10+00:00,6H,inbound,AKSS,3020,Railway_Station,Tunbridge_Wells_Hospital,2026-07-24T05:48:00+00:00,2026-07-24T06:05:00+00:00,51.14812,0.307403,
2026-07-24T07:25:04.318151,2026-07-23T17:12:19+00:00,402,inbound,AKSS,3908,Old_West_Station_Sainsbury_s,Knole_Academy,,,51.271293,0.193503,
2026-07-24T07:25:04.318151,2026-07-24T07:24:51+00:00,82,inbound,AKSS,4071,Parade,Royal_Star_Arcade,2026-07-24T07:09:00+00:00,2026-07-24T07:41:00+00:00,51.257978,0.531123,357
2026-07-24T07:25:04.318151,2026-07-24T07:24:39+00:00,85,inbound,AKSS,4072,Hever_Close,Chequers_Bus_Station,2026-07-24T07:23:00+00:00,2026-07-24T07:46:00+00:00,51.251956,0.560503,2
2026-07-24T07:25:04.318151,2026-07-24T07:24:33+00:00,82,outbound,AKSS,4074,Royal_Star_Arcade,Parade,2026-07-24T07:06:00+00:00,2026-07-24T07:31:00+00:00,51.247818,0.546513,118
2026-07-24T07:25:04.318151,2026-07-24T07:24:40+00:00,82,inbound,AKSS,4075,Parade,Royal_Star_Arcade,2026-07-24T07:22:00+00:00,2026-07-24T07:53:00+00:00,51.240255,0.557018,
2026-07-24T07:25:04.318151,2026-07-23T18:12:26+00:00,176,inbound,AKSS,4142,Alexandra_Hospital,Plantation_Road,,,51.388531,0.573693,
2026-07-24T07:25:04.318151,2026-07-23T23:00:53+00:00,166,inbound,AKSS,4143,The_Kestrel_Shopping_Centre,Waterfront_Bus_Station,2026-07-23T22:41:00+00:00,2026-07-23T23:12:00+00:00,51.377043,0.53651,
2026-07-24T07:25:04.318151,2026-07-24T07:24:38+00:00,1,outbound,AKSS,4144,The_Strand,Chatham_Railway_Station,2026-07-24T07:18:00+00:00,2026-07-24T07:43:00+00:00,51.396993,0.543928,274
2026-07-24T07:25:04.318151,2026-07-24T07:24:44+00:00,700,inbound,AKSS,4145,Waterfront_Bus_Station,Bus_Station,,,51.383001,0.510165,290
2026-07-24T07:25:04.318151,2026-07-24T07:15:17+00:00,140,inbound,AKSS,4146,Waterfront_Bus_Station,Bligh_Way_Shops,,,51.388098,0.466703,328
2026-07-24T07:25:04.318151,2026-07-23T15:28:59+00:00,191,inbound,AKSS,4150,Marina,Waterfront_Bus_Station,2026-07-23T13:14:00+00:00,2026-07-23T13:58:00+00:00,51.402735,0.513503,
2026-07-24T07:25:04.318151,2026-07-24T07:24:26+00:00,164,inbound,AKSS,4152,Chatham_Grove,Waterfront_Bus_Station,2026-07-24T07:12:00+00:00,2026-07-24T07:38:00+00:00,51.380071,0.526925,309
2026-07-24T07:25:04.318151,2026-07-24T07:24:33+00:00,166,inbound,AKSS,4154,The_Kestrel_Shopping_Centre,Waterfront_Bus_Station,,,51.380065,0.526926,309
2026-07-24T07:25:04.318151,2026-07-24T07:24:32+00:00,219,inbound,AKSS,4217,Pinnacles,Tunbridge_Wells_Hospital,2026-07-24T07:08:00+00:00,2026-07-24T07:53:00+00:00,51.208488,0.281891,235
2026-07-24T07:25:04.318151,2026-07-24T07:24:50+00:00,116,outbound,AKSS,4219,Waterfront_Bus_Station,Hempstead_Valley_Shopping_Centre,2026-07-24T07:05:00+00:00,2026-07-24T08:11:00+00:00,51.384085,0.544598,182
2026-07-24T07:25:04.318151,2026-07-24T07:18:46+00:00,132,outbound,AKSS,4220,Hempstead_Valley_Shopping_Centre,Grammar_Schools,,,51.385253,0.5243,
2026-07-24T07:25:04.318151,2026-07-24T07:24:48+00:00,176,outbound,AKSS,4222,Plantation_Road,Alexandra_Hospital,,,51.354188,0.521658,141
2026-07-24T07:25:04.318151,2026-07-24T07:24:41+00:00,132,outbound,AKSS,4223,Hempstead_Valley_Shopping_Centre,Grammar_Schools,,,51.373163,0.554164,
2026-07-24T07:25:04.318151,2026-07-23T16:29:54+00:00,140,outbound,AKSS,4224,Bligh_Way_Shops,Waterfront_Bus_Station,2026-07-23T15:56:00+00:00,2026-07-23T16:29:00+00:00,51.384666,0.524025,
2026-07-24T07:25:04.318151,2026-07-24T07:12:47+00:00,116,outbound,AKSS,4261,Waterfront_Bus_Station,Hempstead_Valley_Shopping_Centre,2026-07-24T06:20:00+00:00,2026-07-24T07:33:00+00:00,51.353983,0.59155,
2026-07-24T07:25:04.318151,2026-07-24T07:24:31+00:00,175,outbound,AKSS,4262,King_Street,Waterfront_Bus_Station,,,51.379445,0.543538,
2026-07-24T07:25:04.318151,2026-07-24T07:24:50+00:00,175,inbound,AKSS,4263,Waterfront_Bus_Station,King_Street,,,51.385258,0.525491,146
2026-07-24T07:25:04.318151,2026-07-24T07:23:23+00:00,177,inbound,AKSS,4264,Alexandra_Hospital,Plantation_Road,,,51.385008,0.52454,
2026-07-24T07:25:04.318151,2026-07-24T07:24:24+00:00,132,outbound,AKSS,4266,Hempstead_Valley_Shopping_Centre,Waterfront_Bus_Station,2026-07-24T07:30:00+00:00,2026-07-24T08:22:00+00:00,51.34031,0.572461,
2026-07-24T07:25:04.318151,2026-07-24T07:24:46+00:00,176,inbound,AKSS,4268,Alexandra_Hospital,Plantation_Road,,,51.34932,0.519803,
2026-07-24T07:25:04.318151,2026-07-24T07:24:44+00:00,176,inbound,AKSS,4269,Alexandra_Hospital,Plantation_Road,,,51.38833,0.546716,19
2026-07-24T07:25:04.318151,2026-07-24T07:20:01+00:00,132,inbound,AKSS,4270,Grammar_Schools,Hempstead_Valley_Shopping_Centre,,,51.38554,0.524845,55
2026-07-24T07:25:04.318151,2026-07-24T07:24:41+00:00,182,outbound,AKSS,4271,Waterfront_Bus_Station,Beechings_Green,,,51.37457,0.592843,287
2026-07-24T07:25:04.318151,2026-07-24T07:24:33+00:00,141,outbound,AKSS,4272,Bligh_Way_Shops,Waterfront_Bus_Station,,,51.395713,0.495405,117
2026-07-24T07:25:04.318151,2026-07-24T07:24:47+00:00,182,outbound,AKSS,4273,Waterfront_Bus_Station,Beechings_Green,,,51.3792,0.579788,87
2026-07-24T07:25:04.318151,2026-07-24T05:42:05+00:00,166,inbound,AKSS,4280,The_Kestrel_Shopping_Centre,Waterfront_Bus_Station,2026-07-24T04:40:00+00:00,2026-07-24T05:13:00+00:00,51.380675,0.52141,
2026-07-24T07:25:04.318151,2026-07-23T17:02:06+00:00,191,inbound,AKSS,4281,Lapwing_Road,Waterfront_Bus_Station,,,51.433823,0.563891,
2026-07-24T07:25:04.318151,2026-07-24T07:24:33+00:00,85,inbound,AKSS,4282,Hever_Close,Chequers_Bus_Station,2026-07-24T07:05:00+00:00,2026-07-24T07:28:00+00:00,51.273086,0.526448,
2026-07-24T07:25:04.318151,2026-07-23T18:13:41+00:00,85,inbound,AKSS,4283,Hever_Close,Chequers_Bus_Station,2026-07-23T17:59:00+00:00,2026-07-23T18:16:00+00:00,51.272213,0.527123,
2026-07-24T07:25:04.318151,2026-07-24T07:24:47+00:00,85,outbound,AKSS,4284,Chequers_Bus_Station,Hever_Close,2026-07-24T07:15:00+00:00,2026-07-24T07:36:00+00:00,51.260651,0.535941,102
2026-07-24T07:25:04.318151,2026-07-24T07:24:28+00:00,182,inbound,AKSS,4289,Shops,Waterfront_Bus_Station,,,51.384443,0.555006,264
2026-07-24T07:25:04.318151,2026-07-24T07:24:48+00:00,140,inbound,AKSS,4290,Waterfront_Bus_Station,Bligh_Way_Shops,,,51.383245,0.523093,217
2026-07-24T07:25:04.318151,2026-07-24T07:24:49+00:00,132,inbound,AKSS,4291,Grammar_Schools,Hempstead_Valley_Shopping_Centre,,,51.33767,0.583545,314
2026-07-24T07:25:04.318151,2026-07-24T07:13:59+00:00,166,outbound,AKSS,4292,Chatham_Railway_Station,Lordswood_Close,,,51.380356,0.53029,184
2026-07-24T07:25:04.318151,2026-07-23T22:48:57+00:00,132,inbound,AKSS,4293,Waterfront_Bus_Station,Hempstead_Valley_Shopping_Centre,2026-07-23T22:23:00+00:00,2026-07-23T22:52:00+00:00,51.342448,0.580056,335
2026-07-24T07:25:04.318151,2026-07-23T18:08:28+00:00,89,inbound,AKSS,4296,Spice_Lounge,King_Street,2026-07-23T17:39:00+00:00,2026-07-23T18:01:00+00:00,51.273918,0.523875,
2026-07-24T07:25:04.318151,2026-07-24T07:24:49+00:00,166,inbound,AKSS,4298,The_Kestrel_Shopping_Centre,Waterfront_Bus_Station,,,51.343983,0.537186,359
2026-07-24T07:25:04.318151,2026-07-24T07:24:47+00:00,140,outbound,AKSS,4299,Bligh_Way_Shops,Waterfront_Bus_Station,,,51.391258,0.503151,119
2026-07-24T07:25:04.318151,2026-07-24T07:24:35+00:00,176,outbound,AKSS,4300,Plantation_Road,Alexandra_Hospital,,,51.393738,0.560415,304
2026-07-24T07:25:04.318151,2026-07-24T07:24:48+00:00,182,inbound,AKSS,4308,Beechings_Green,Waterfront_Bus_Station,2026-07-24T06:50:00+00:00,2026-07-24T07:17:00+00:00,51.384718,0.52385,
2026-07-24T07:25:04.318151,2026-07-24T07:24:45+00:00,166,outbound,AKSS,4312,Chatham_Railway_Station,Lordswood_Close,,,51.385155,0.524713,
2026-07-24T07:25:04.318151,2026-07-24T07:02:20+00:00,133,outbound,AKSS,4313,The_Six_Bells,Huntsmans_Corner,,,51.385088,0.524191,
2026-07-24T07:25:04.318151,2026-07-24T07:24:40+00:00,132,outbound,AKSS,4314,Hempstead_Valley_Shopping_Centre,Waterfront_Bus_Station,2026-07-24T07:10:00+00:00,2026-07-24T08:04:00+00:00,51.356795,0.603553,36
2026-07-24T07:25:04.318151,2026-07-24T07:24:54+00:00,182,inbound,AKSS,4316,Shops,Waterfront_Bus_Station,,,51.387908,0.525023,194
2026-07-24T07:25:04.318151,2026-07-24T07:17:54+00:00,166,outbound,AKSS,4317,Chatham_Railway_Station,Lordswood_Close,,,51.35797,0.542826,210
2026-07-24T07:25:04.318151,2026-07-23T07:37:28+00:00,182,inbound,AKSS,4319,Shops,Waterfront_Bus_Station,,,51.384576,0.523891,
2026-07-24T07:25:04.318151,2026-07-24T07:24:22+00:00,3,inbound,AKSS,4340,Maidstone_Hospital,Chequers_Bus_Station,2026-07-24T07:12:00+00:00,2026-07-24T07:40:00+00:00,51.26845,0.497831,
2026-07-24T07:25:04.318151,2026-07-23T19:13:07+00:00,3,outbound,AKSS,4341,Chequers_Bus_Station,Maidstone_Hospital,2026-07-23T18:55:00+00:00,2026-07-23T19:12:00+00:00,51.273721,0.483211,
2026-07-24T07:25:04.318151,2026-07-24T07:24:45+00:00,218,inbound,AKSS,4349,Pinnacles,Quarry_Hill_Parade,2026-07-24T07:31:00+00:00,2026-07-24T08:00:00+00:00,51.209675,0.27944,115
2026-07-24T07:25:04.318151,2026-07-24T07:24:52+00:00,82,outbound,AKSS,4350,Royal_Star_Arcade,Parade,2026-07-24T07:31:00+00:00,2026-07-24T07:56:00+00:00,51.273351,0.521661,
2026-07-24T07:25:04.318151,2026-07-24T07:24:46+00:00,3,outbound,AKSS,4351,Chequers_Bus_Station,Maidstone_Hospital,2026-07-24T07:23:00+00:00,2026-07-24T07:49:00+00:00,51.273838,0.524288,306
2026-07-24T07:25:04.318151,2026-07-24T07:24:45+00:00,82,outbound,AKSS,4352,Royal_Star_Arcade,Parade,2026-07-24T07:18:00+00:00,2026-07-24T07:43:00+00:00,51.267405,0.526835,160
2026-07-24T07:25:04.318151,2026-07-23T13:28:47+00:00,7,outbound,AKSS,4355,Chequers_Bus_Station,Railway_Station,2026-07-23T11:36:00+00:00,2026-07-23T13:04:00+00:00,51.273366,0.521665,
2026-07-24T07:25:04.318151,2026-07-24T07:24:25+00:00,3,inbound,AKSS,4471,Maidstone_Hospital,Chequers_Bus_Station,2026-07-24T07:35:00+00:00,2026-07-24T08:01:00+00:00,51.273781,0.483228,
2026-07-24T07:25:04.318151,2026-07-24T07:24:51+00:00,6,outbound,AKSS,5457,Invicta_Girls__Grammar_School,Railway_Station,,,51.254526,0.431021,280
2026-07-24T07:25:04.318151,2026-07-23T16:28:33+00:00,219,inbound,AKSS,5458,Pinnacles,Tunbridge_Wells_Hospital,2026-07-23T15:32:00+00:00,2026-07-23T16:16:00+00:00,51.160498,0.295956,
2026-07-24T07:25:04.318151,2026-07-24T07:24:52+00:00,177,outbound,AKSS,5459,Plantation_Road,Alexandra_Hospital,,,51.355723,0.522276,126
2026-07-24T07:25:04.318151,2026-07-24T07:24:44+00:00,132,inbound,AKSS,5460,Grammar_Schools,Hempstead_Valley_Shopping_Centre,,,51.364451,0.6028,211
2026-07-24T07:25:04.318151,2026-07-23T18:19:42+00:00,700,outbound,AKSS,5463,Bus_Station,Waterfront_Bus_Station,2026-07-23T17:40:00+00:00,2026-07-23T18:16:00+00:00,51.38229,0.522533,
2026-07-24T07:25:04.318151,2026-07-24T07:24:32+00:00,191,outbound,AKSS,5466,Waterfront_Bus_Station,Lapwing_Road,,,51.466771,0.624131,71
2026-07-24T07:25:04.318151,2026-07-24T07:24:44+00:00,71,outbound,AKSS,5467,Chequers_Bus_Station,Railway_Station,2026-07-24T06:40:00+00:00,2026-07-24T07:37:00+00:00,51.31366,0.427868,23
2026-07-24T07:25:04.318151,2026-07-24T07:24:34+00:00,402,inbound,AKSS,6141,Old_West_Station_Sainsbury_s,Knole_Academy,,,51.196876,0.275375,4
2026-07-24T07:25:04.318151,2026-07-23T18:42:41+00:00,402,outbound,AKSS,6151,Bus_Station,Railway_Station,2026-07-23T18:00:00+00:00,2026-07-23T18:46:00+00:00,51.132508,0.26351,
2026-07-24T07:25:04.318151,2026-07-24T07:24:34+00:00,402,outbound,AKSS,6200,Rose_and_Crown,Old_West_Station_Sainsbury_s,,,51.174498,0.256336,221
2026-07-24T07:25:04.318151,2026-07-24T07:09:40+00:00,402,outbound,AKSS,6202,Rose_and_Crown,Old_West_Station_Sainsbury_s,,,51.12993,0.263711,9
2026-07-24T07:25:04.318151,2026-07-23T17:19:58+00:00,6,inbound,AKSS,6203,Railway_Station,Invicta_Girls__Grammar_School,,,51.217791,0.393785,109
2026-07-24T07:25:04.318151,2026-07-24T07:08:35+00:00,6,inbound,AKSS,6204,Railway_Station,Invicta_Girls__Grammar_School,,,51.18431,0.38745,
2026-07-24T07:25:04.318151,2026-07-24T07:24:24+00:00,6,inbound,AKSS,6205,Railway_Station,Invicta_Girls__Grammar_School,,,51.130431,0.263275,349
2026-07-24T07:25:04.318151,2026-07-24T07:24:22+00:00,82,outbound,AKSS,6402,Royal_Star_Arcade,Parade,2026-07-24T07:44:00+00:00,2026-07-24T08:09:00+00:00,51.27325,0.521293,
2026-07-24T07:25:04.318151,2026-07-23T17:32:08+00:00,12,outbound,AKSS,6472,Royal_Star_Arcade,The_Vine,2026-07-23T17:00:00+00:00,2026-07-23T18:10:00+00:00,51.227286,0.589951,143
2026-07-24T07:25:04.318151,2026-07-23T17:14:46+00:00,176,inbound,AKSS,6473,Alexandra_Hospital,Plantation_Road,,,51.388341,0.574216,291
2026-07-24T07:25:04.318151,2026-07-24T07:24:27+00:00,116,inbound,AKSS,6474,Hempstead_Valley_Shopping_Centre,Waterfront_Bus_Station,2026-07-24T07:21:00+00:00,2026-07-24T08:28:00+00:00,51.343015,0.578243,102
2026-07-24T07:25:04.318151,2026-07-23T23:20:55+00:00,132,inbound,AKSS,6475,Waterfront_Bus_Station,Hempstead_Valley_Shopping_Centre,2026-07-23T22:53:00+00:00,2026-07-23T23:22:00+00:00,51.340506,0.573029,
2026-07-24T07:25:04.318151,2026-07-23T17:08:46+00:00,101,inbound,AKSS,6476,Shops,Chequers_Bus_Station,,,51.273618,0.527021,
2026-07-24T07:25:04.318151,2026-07-23T11:53:26+00:00,155,outbound,AKSS,6477,Village_Surgery,Waterfront_Bus_Station,2026-07-23T11:40:00+00:00,2026-07-23T11:56:00+00:00,51.38229,0.522801,30
2026-07-24T07:25:04.318151,2026-07-23T16:37:42+00:00,101,inbound,AKSS,6478,Shops,Chequers_Bus_Station,,,51.272405,0.5268,
2026-07-24T07:25:04.318151,2026-07-23T17:32:29+00:00,101,outbound,AKSS,6479,Chequers_Bus_Station,Duncan_Road,2026-07-23T16:34:00+00:00,2026-07-23T17:32:00+00:00,51.38437,0.55061,
2026-07-24T07:25:04.318151,2026-07-24T07:24:27+00:00,141,outbound,AKSS,6480,Bligh_Way_Shops,Waterfront_Bus_Station,,,51.384733,0.524408,
2026-07-24T07:25:04.318151,2026-07-23T17:47:30+00:00,175,inbound,AKSS,6481,Waterfront_Bus_Station,King_Street,,,51.387455,0.54911,
2026-07-24T07:25:04.318151,2026-07-24T07:24:48+00:00,7,outbound,AKSS,6482,Chequers_Bus_Station,Railway_Station,2026-07-24T06:48:00+00:00,2026-07-24T08:29:00+00:00,51.256758,0.412759,242
2026-07-24T07:25:04.318151,2026-07-23T17:54:37+00:00,191,outbound,AKSS,6483,Waterfront_Bus_Station,Lapwing_Road,,,51.386648,0.550875,
2026-07-24T07:25:04.318151,2026-07-23T17:49:02+00:00,182,inbound,AKSS,6484,Beechings_Green,Waterfront_Bus_Station,2026-07-23T17:23:00+00:00,2026-07-23T17:49:00+00:00,51.384346,0.523986,173
2026-07-24T07:25:04.318151,2026-07-24T07:24:40+00:00,89,outbound,AKSS,6492,King_Street,Spice_Lounge,2026-07-24T07:12:00+00:00,2026-07-24T07:44:00+00:00,51.267125,0.527151,166
2026-07-24T07:25:04.318151,2026-07-24T07:24:53+00:00,7,inbound,AKSS,6500,Railway_Station,Chequers_Bus_Station,2026-07-24T06:29:00+00:00,2026-07-24T08:00:00+00:00,51.24768,0.371598,23
2026-07-24T07:25:04.318151,2026-07-24T07:24:45+00:00,6X,outbound,AKSS,6501,Maidstone_Hospital,Tunbridge_Wells_Hospital,2026-07-24T07:05:00+00:00,2026-07-24T07:49:00+00:00,51.25508,0.424475,
2026-07-24T07:25:04.318151,2026-07-24T07:24:25+00:00,7,inbound,AKSS,6502,Railway_Station,Chequers_Bus_Station,2026-07-24T06:54:00+00:00,2026-07-24T08:23:00+00:00,51.190726,0.270236,
2026-07-24T07:25:04.318151,2026-07-24T07:06:50+00:00,5,inbound,AKSS,6503,The_Eight_Bells,Invicta_Girls__Grammar_School,2026-07-24T05:44:00+00:00,2026-07-24T07:12:00+00:00,51.273108,0.526691,
2026-07-24T07:25:04.318151,2026-07-24T07:24:41+00:00,71,inbound,AKSS,6504,Railway_Station,Chequers_Bus_Station,2026-07-24T06:39:00+00:00,2026-07-24T07:55:00+00:00,51.294201,0.472116,
2026-07-24T07:25:04.318151,2026-07-24T06:55:33+00:00,9,inbound,AKSS,6505,Pennine_Way,Oakwood_Park,2026-07-24T06:11:00+00:00,2026-07-24T07:17:00+00:00,51.273395,0.526753,
2026-07-24T07:25:04.318151,2026-07-24T07:05:06+00:00,12,inbound,AKSS,6509,The_Vine,Invicta_Girls__Grammar_School,2026-07-24T06:01:00+00:00,2026-07-24T07:23:00+00:00,51.273015,0.520723,56
2026-07-24T07:25:04.318151,2026-07-24T07:24:37+00:00,7,inbound,AKSS,6510,Railway_Station,Chequers_Bus_Station,2026-07-24T06:10:00+00:00,2026-07-24T07:35:00+00:00,51.271661,0.517658,343
2026-07-24T07:25:04.318151,2026-07-23T19:06:57+00:00,82,inbound,AKSS,6511,Parade,Royal_Star_Arcade,2026-07-23T18:50:00+00:00,2026-07-23T19:07:00+00:00,51.273575,0.521501,
2026-07-24T07:25:04.318151,2026-07-24T07:24:40+00:00,71,outbound,AKSS,6512,Chequers_Bus_Station,Lunsford_Park_Tesco,2026-07-24T07:10:00+00:00,2026-07-24T07:52:00+00:00,51.279446,0.506641,333
2026-07-24T07:25:04.318151,2026-07-24T07:24:51+00:00,89,inbound,AKSS,6513,Spice_Lounge,King_Street,2026-07-24T07:06:00+00:00,2026-07-24T07:35:00+00:00,51.258448,0.530886,
2026-07-24T07:25:04.318151,2026-07-24T07:24:41+00:00,5,outbound,AKSS,6514,Chequers_Bus_Station,The_Eight_Bells,2026-07-24T06:12:00+00:00,2026-07-24T07:26:00+00:00,51.082,0.509024,185
2026-07-24T07:25:04.318151,2026-07-24T07:24:39+00:00,5,inbound,AKSS,6516,The_Eight_Bells,Chequers_Bus_Station,2026-07-24T08:35:00+00:00,2026-07-24T09:44:00+00:00,51.271676,0.521231,316
2026-07-24T07:25:04.318151,2026-07-23T18:13:22+00:00,72,inbound,AKSS,6520,Asda,Chequers_Bus_Station,2026-07-23T17:22:00+00:00,2026-07-23T18:14:00+00:00,51.273325,0.526843,
2026-07-24T07:25:04.318151,2026-07-24T07:24:28+00:00,7,outbound,AKSS,6522,Chequers_Bus_Station,Railway_Station,2026-07-24T07:27:00+00:00,2026-07-24T08:59:00+00:00,51.274173,0.523523,
2026-07-24T07:25:04.318151,2026-07-24T07:24:49+00:00,6X,inbound,AKSS,6532,Tunbridge_Wells_Hospital,Maidstone_Hospital,2026-07-24T07:12:00+00:00,2026-07-24T07:50:00+00:00,51.201491,0.396146,15
2026-07-24T07:25:04.318151,2026-07-24T07:24:22+00:00,7,outbound,AKSS,6533,Chequers_Bus_Station,Railway_Station,2026-07-24T06:05:00+00:00,2026-07-24T07:48:00+00:00,51.156616,0.25999,
2026-07-24T07:25:04.318151,2026-07-24T07:23:56+00:00,12,outbound,AKSS,6535,Royal_Star_Arcade,The_Vine,,,51.143968,0.640531,173
2026-07-24T07:25:04.318151,2026-07-24T07:24:24+00:00,71,inbound,AKSS,6537,Railway_Station,Chequers_Bus_Station,2026-07-24T07:18:00+00:00,2026-07-24T08:16:00+00:00,51.32215,0.438648,198
2026-07-24T07:25:04.318151,2026-07-23T21:06:39+00:00,6X,inbound,AKSS,6538,Tunbridge_Wells_Hospital,Maidstone_Hospital,2026-07-23T20:31:00+00:00,2026-07-23T21:01:00+00:00,51.270513,0.525515,164
2026-07-24T07:25:04.318151,2026-07-24T07:08:56+00:00,7,outbound,AKSS,6539,Chequers_Bus_Station,Railway_Station,2026-07-24T05:38:00+00:00,2026-07-24T07:20:00+00:00,51.131038,0.263376,
2026-07-24T07:25:04.318151,2026-07-24T07:24:50+00:00,7,outbound,AKSS,6541,Chequers_Bus_Station,Railway_Station,2026-07-24T06:27:00+00:00,2026-07-24T08:10:00+00:00,51.20783,0.300631,264
2026-07-24T07:25:04.318151,2026-07-23T14:11:11+00:00,9,inbound,AKSS,6542,Tesco,Chequers_Bus_Station,2026-07-23T13:58:00+00:00,2026-07-23T14:12:00+00:00,51.272833,0.526611,
2026-07-24T07:25:04.318151,2026-07-24T07:24:34+00:00,141,outbound,AKSS,6543,Bligh_Way_Shops,Waterfront_Bus_Station,,,51.394865,0.460493,
2026-07-24T07:25:04.318151,2026-07-23T21:04:12+00:00,700,outbound,AKSS,6558,Bus_Station,Waterfront_Bus_Station,2026-07-23T20:32:00+00:00,2026-07-23T21:06:00+00:00,51.385035,0.524143,
2026-07-24T07:25:04.318151,2026-07-24T07:24:53+00:00,101,outbound,AKSS,6559,Chequers_Bus_Station,Beechings_Green,,,51.361248,0.517246,26
2026-07-24T07:25:04.318151,2026-07-24T07:24:39+00:00,101,outbound,AKSS,6561,Chequers_Bus_Station,Beechings_Green,,,51.274511,0.51898,262
2026-07-24T07:25:04.318151,2026-07-24T07:24:45+00:00,101,outbound,AKSS,6562,Chequers_Bus_Station,Beechings_Green,,,51.301001,0.51374,339
2026-07-24T07:25:04.318151,2026-07-24T07:18:33+00:00,101,inbound,AKSS,6563,Shops,Chequers_Bus_Station,,,51.271835,0.521128,
2026-07-24T07:25:04.318151,2026-07-24T07:24:52+00:00,191,inbound,AKSS,6564,Lapwing_Road,Waterfront_Bus_Station,,,51.420558,0.55748,286
2026-07-24T07:25:04.318151,2026-07-24T07:24:26+00:00,101,outbound,AKSS,6565,Chequers_Bus_Station,Beechings_Green,,,51.384791,0.524069,
2026-07-24T07:25:04.318151,2026-07-24T07:24:42+00:00,101,outbound,AKSS,6566,Chequers_Bus_Station,Beechings_Green,,,51.388925,0.543115,141
2026-07-24T07:25:04.318151,2026-07-24T07:24:45+00:00,101,inbound,AKSS,6567,Shops,Chequers_Bus_Station,,,51.37195,0.520919,197
2026-07-24T07:25:04.318151,2026-07-24T07:24:55+00:00,101,inbound,AKSS,6568,Shops,Chequers_Bus_Station,,,51.386335,0.551448,355
2026-07-24T07:25:04.318151,2026-07-24T07:24:37+00:00,101,inbound,AKSS,6569,Duncan_Road,Chequers_Bus_Station,2026-07-24T07:11:00+00:00,2026-07-24T08:09:00+00:00,51.38572,0.524383,336
2026-07-24T07:25:04.318151,2026-07-24T07:16:46+00:00,101,outbound,AKSS,6570,Chequers_Bus_Station,Beechings_Green,,,51.386253,0.550198,188
2026-07-24T07:25:04.318151,2026-07-24T07:24:54+00:00,101,inbound,AKSS,6571,Shops,Chequers_Bus_Station,,,51.272886,0.520603,123
2026-07-24T07:25:04.318151,2026-07-23T11:16:43+00:00,182,inbound,AKSS,SP_GM,Beechings_Green,Waterfront_Bus_Station,2026-07-23T10:59:00+00:00,2026-07-23T11:26:00+00:00,51.384143,0.550363,
2026-07-24T07:25:04.318151,2026-07-23T19:48:46+00:00,RR,outbound,AKSS,SP_TW,Rail_Replacement,Rail_Replacement,,,51.161798,0.256043,
2026-07-24T07:25:04.318151,2026-07-24T07:24:50+00:00,483,outbound,AMTM,1563,Barrack_Row,Bus_Station,2026-07-24T06:39:00+00:00,2026-07-24T07:25:00+00:00,51.438123,0.277775,192
2026-07-24T07:25:04.318151,2026-07-23T21:31:13+00:00,480,outbound,AMTM,1613,Joyce_Green_Lane_Terminus,Barrack_Row,2026-07-23T20:40:00+00:00,2026-07-23T21:31:00+00:00,51.441846,0.366105,
2026-07-24T07:25:04.318151,2026-07-24T07:24:32+00:00,414,inbound,AMTM,1633,Home_Gardens,Gorringe_Avenue,2026-07-24T08:00:00+00:00,2026-07-24T08:21:00+00:00,51.447745,0.218906,
2026-07-24T07:25:04.318151,2026-07-24T07:20:13+00:00,481,inbound,AMTM,1641,Bus_Station,Cascades_Leisure_Centre,,,51.419463,0.400426,
2026-07-24T07:25:04.318151,2026-07-24T07:24:36+00:00,483,inbound,AMTM,2325,Bus_Station,Barrack_Row,2026-07-24T06:56:00+00:00,2026-07-24T07:51:00+00:00,51.426133,0.340183,
2026-07-24T07:25:04.318151,2026-07-24T07:24:29+00:00,482,inbound,AMTM,2326,Barrack_Row,Mungo_Park_Road,2026-07-24T07:17:00+00:00,2026-07-24T07:33:00+00:00,51.430686,0.375643,166
2026-07-24T07:25:04.318151,2026-07-24T07:24:41+00:00,483,outbound,AMTM,2327,Barrack_Row,Bus_Station,2026-07-24T07:19:00+00:00,2026-07-24T08:06:00+00:00,51.431203,0.34738,143
2026-07-24T07:25:04.318151,2026-07-24T07:24:30+00:00,491,outbound,AMTM,4088,Barrack_Row,Cascades_Leisure_Centre,2026-07-24T07:28:00+00:00,2026-07-24T07:50:00+00:00,51.44178,0.366195,
2026-07-24T07:25:04.318151,2026-07-23T18:33:32+00:00,490,inbound,AMTM,4089,Mackenzie_Way_Shops,Barrack_Row,2026-07-23T18:20:00+00:00,2026-07-23T18:35:00+00:00,51.440513,0.368276,
2026-07-24T07:25:04.318151,2026-07-24T07:21:04+00:00,491,outbound,AMTM,4090,Barrack_Row,Cascades_Leisure_Centre,2026-07-24T07:04:00+00:00,2026-07-24T07:25:00+00:00,51.419605,0.400473,
2026-07-24T07:25:04.318151,2026-07-24T07:24:48+00:00,480,outbound,AMTM,4091,Joyce_Green_Lane_Terminus,Cascades_Leisure_Centre,,,51.446581,0.218293,
2026-07-24T07:25:04.318151,2026-07-24T07:24:29+00:00,490,outbound,AMTM,4092,Home_Gardens,Cascades_Leisure_Centre,,,51.437628,0.387609,174
2026-07-24T07:25:04.318151,2026-07-24T07:24:48+00:00,491,inbound,AMTM,4306,Cascades,Barrack_Row,,,51.431798,0.387088,24
2026-07-24T07:25:04.318151,2026-07-24T07:24:34+00:00,480,inbound,AMTM,4307,Barrack_Row,Joyce_Green_Lane_Terminus,2026-07-24T06:36:00+00:00,2026-07-24T07:50:00+00:00,51.446618,0.2171,
2026-07-24T07:25:04.318151,2026-07-23T14:22:05+00:00,190,inbound,AMTM,4310,Waterfront_Bus_Station,Barrack_Row,,,51.440483,0.368296,
2026-07-24T07:25:04.318151,2026-07-24T07:24:34+00:00,190,inbound,AMTM,4311,Waterfront_Bus_Station,Barrack_Row,,,51.39707,0.4839,
2026-07-24T07:25:04.318151,2026-07-24T07:14:28+00:00,190,inbound,AMTM,4315,Waterfront_Bus_Station,Barrack_Row,,,51.441838,0.365345,
2026-07-24T07:25:04.318151,2026-07-24T07:24:33+00:00,480,outbound,AMTM,4323,Joyce_Green_Lane_Terminus,Cascades_Leisure_Centre,,,51.442656,0.336948,
2026-07-24T07:25:04.318151,2026-07-24T07:24:26+00:00,480,outbound,AMTM,4324,Joyce_Green_Lane_Terminus,Cascades_Leisure_Centre,,,51.447378,0.310299,164
2026-07-24T07:25:04.318151,2026-07-24T07:24:43+00:00,480,inbound,AMTM,4325,Cascades,Joyce_Green_Lane_Terminus,,,51.437713,0.276735,
2026-07-24T07:25:04.318151,2026-07-24T07:24:23+00:00,480,inbound,AMTM,4326,Cascades,Joyce_Green_Lane_Terminus,,,51.441716,0.365875,
2026-07-24T07:25:04.318151,2026-07-24T05:59:05+00:00,480,inbound,AMTM,4328,Barrack_Row,Joyce_Green_Lane_Terminus,2026-07-24T05:09:00+00:00,2026-07-24T06:03:00+00:00,51.459053,0.226195,
2026-07-24T07:25:04.318151,2026-07-24T07:24:44+00:00,190,outbound,AMTM,4329,Barrack_Row,Waterfront_Bus_Station,,,51.385156,0.52488,
2026-07-24T07:25:04.318151,2026-07-24T07:24:29+00:00,480,outbound,AMTM,4330,Joyce_Green_Lane_Terminus,Cascades_Leisure_Centre,,,51.446486,0.264383,79
2026-07-24T07:25:04.318151,2026-07-24T07:24:52+00:00,490,inbound,AMTM,4332,Cascades_Leisure_Centre,Prospect_Place,,,51.411985,0.388365,6
2026-07-24T07:25:04.318151,2026-07-24T07:15:09+00:00,700,outbound,AMTM,4333,Bus_Station,Waterfront_Bus_Station,,,51.384763,0.524495,
2026-07-24T07:25:04.318151,2026-07-24T07:24:28+00:00,480,inbound,AMTM,4334,Barrack_Row,Joyce_Green_Lane_Terminus,2026-07-24T07:06:00+00:00,2026-07-24T08:15:00+00:00,51.450185,0.308123,
2026-07-24T07:25:04.318151,2026-07-24T07:24:21+00:00,480,inbound,AMTM,4335,Cascades,Joyce_Green_Lane_Terminus,,,51.442218,0.346371,269
2026-07-24T07:25:04.318151,2026-07-24T07:17:57+00:00,480,outbound,AMTM,4338,Joyce_Green_Lane_Terminus,Cascades_Leisure_Centre,,,51.459145,0.226188,
2026-07-24T07:25:04.318151,2026-07-24T07:24:31+00:00,700,inbound,AMTM,4346,Waterfront_Bus_Station,Bus_Station,,,51.437721,0.276106,
2026-07-24T07:25:04.318151,2026-07-24T07:24:43+00:00,190,outbound,AMTM,4354,Barrack_Row,Waterfront_Bus_Station,,,51.438308,0.387486,144
2026-07-24T07:26:05.864451,2026-07-23T22:01:00+00:00,277,outbound,AKSS,1466,Railway_Station,Tunbridge_Wells_Hospital,2026-07-23T21:15:00+00:00,2026-07-23T21:40:00+00:00,51.160268,0.294988,
2026-07-24T07:26:05.864451,2026-07-24T07:25:50+00:00,281,outbound,AKSS,1501,Parsonage_Close,Barnetts_Way,,,51.135325,0.263051,
2026-07-24T07:26:05.864451,2026-07-23T21:06:56+00:00,277,outbound,AKSS,1502,Railway_Station,Tunbridge_Wells_Hospital,2026-07-23T20:45:00+00:00,2026-07-23T21:10:00+00:00,51.154758,0.295441,65
2026-07-24T07:26:05.864451,2026-07-24T07:25:39+00:00,277,inbound,AKSS,1503,Tunbridge_Wells_Hospital,Railway_Station,2026-07-24T06:55:00+00:00,2026-07-24T07:30:00+00:00,51.13332,0.265313,
2026-07-24T07:26:05.864451,2026-07-24T06:35:16+00:00,281,outbound,AKSS,1522,Parsonage_Close,Barnetts_Way,,,51.154616,0.273033,
2026-07-24T07:26:05.864451,2026-07-24T07:25:38+00:00,177,inbound,AKSS,1650,Alexandra_Hospital,Plantation_Road,,,51.335931,0.522076,207
2026-07-24T07:26:05.864451,2026-07-24T07:25:58+00:00,146,inbound,AKSS,1651,The_George,Waterfront_Bus_Station,,,51.38423,0.511176,127
2026-07-24T07:26:05.864451,2026-07-24T07:25:47+00:00,146,outbound,AKSS,1652,Waterfront_Bus_Station,The_George,,,51.382445,0.507995,174
2026-07-24T07:26:05.864451,2026-07-23T17:58:14+00:00,146,inbound,AKSS,1653,The_George,Waterfront_Bus_Station,,,51.384208,0.52368,
2026-07-24T07:26:05.864451,2026-07-24T07:25:48+00:00,146,inbound,AKSS,1654,The_George,Waterfront_Bus_Station,,,51.363608,0.504616,
2026-07-24T07:26:05.864451,2026-07-24T07:25:35+00:00,2,inbound,AKSS,1655,Chatham_Railway_Station,Dockside_Outlet,,,51.388788,0.525355,13
2026-07-24T07:26:05.864451,2026-07-24T07:15:16+00:00,281,inbound,AKSS,1656,Barnetts_Way,Parsonage_Close,,,51.134293,0.263765,181
2026-07-24T07:26:05.864451,2026-07-24T07:23:33+00:00,281,inbound,AKSS,1657,Barnetts_Way,Parsonage_Close,,,51.152293,0.27103,155
2026-07-24T07:26:05.864451,2026-07-24T07:25:30+00:00,219,outbound,AKSS,1658,Quarry_Hill_Parade,Pinnacles,2026-07-24T07:30:00+00:00,2026-07-24T07:46:00+00:00,51.19074,0.270371,
2026-07-24T07:26:05.864451,2026-07-23T17:09:14+00:00,281,outbound,AKSS,1659,Parsonage_Close,Barnetts_Way,,,51.1382,0.228016,
2026-07-24T07:26:05.864451,2026-07-24T07:25:39+00:00,277,outbound,AKSS,2484,Railway_Station,Tunbridge_Wells_Hospital,2026-07-24T06:58:00+00:00,2026-07-24T07:27:00+00:00,51.154748,0.295933,80
2026-07-24T07:26:05.864451,2026-07-24T07:09:49+00:00,219,inbound,AKSS,2951,Pinnacles,Tunbridge_Wells_Hospital,2026-07-24T06:33:00+00:00,2026-07-24T07:13:00+00:00,51.148358,0.306841,
2026-07-24T07:26:05.864451,2026-07-23T12:06:01+00:00,218,inbound,AKSS,2956,Pinnacles,Quarry_Hill_Parade,2026-07-23T11:35:00+00:00,2026-07-23T12:00:00+00:00,51.200001,0.276436,
2026-07-24T07:26:05.864451,2026-07-24T06:09:10+00:00,6H,inbound,AKSS,3020,Railway_Station,Tunbridge_Wells_Hospital,2026-07-24T05:48:00+00:00,2026-07-24T06:05:00+00:00,51.14812,0.307403,
2026-07-24T07:26:05.864451,2026-07-23T17:12:19+00:00,402,inbound,AKSS,3908,Old_West_Station_Sainsbury_s,Knole_Academy,,,51.271293,0.193503,
2026-07-24T07:26:05.864451,2026-07-24T07:25:53+00:00,82,inbound,AKSS,4071,Parade,Royal_Star_Arcade,2026-07-24T07:09:00+00:00,2026-07-24T07:41:00+00:00,51.26048,0.530043,341
2026-07-24T07:26:05.864451,2026-07-24T07:25:55+00:00,85,inbound,AKSS,4072,Hever_Close,Chequers_Bus_Station,2026-07-24T07:23:00+00:00,2026-07-24T07:46:00+00:00,51.253356,0.557671,274
2026-07-24T07:26:05.864451,2026-07-24T07:25:36+00:00,82,outbound,AKSS,4074,Royal_Star_Arcade,Parade,2026-07-24T07:06:00+00:00,2026-07-24T07:31:00+00:00,51.247206,0.548356,
2026-07-24T07:26:05.864451,2026-07-24T07:25:46+00:00,82,inbound,AKSS,4075,Parade,Royal_Star_Arcade,2026-07-24T07:22:00+00:00,2026-07-24T07:53:00+00:00,51.24026,0.556801,
2026-07-24T07:26:05.864451,2026-07-23T18:12:26+00:00,176,inbound,AKSS,4142,Alexandra_Hospital,Plantation_Road,,,51.388531,0.573693,
2026-07-24T07:26:05.864451,2026-07-23T23:00:53+00:00,166,inbound,AKSS,4143,The_Kestrel_Shopping_Centre,Waterfront_Bus_Station,2026-07-23T22:41:00+00:00,2026-07-23T23:12:00+00:00,51.377043,0.53651,
2026-07-24T07:26:05.864451,2026-07-24T07:25:53+00:00,1,outbound,AKSS,4144,The_Strand,Chatham_Railway_Station,2026-07-24T07:18:00+00:00,2026-07-24T07:43:00+00:00,51.396813,0.541541,269
2026-07-24T07:26:05.864451,2026-07-24T07:25:31+00:00,700,inbound,AKSS,4145,Waterfront_Bus_Station,Bus_Station,,,51.384788,0.507748,334
2026-07-24T07:26:05.864451,2026-07-24T07:15:17+00:00,140,inbound,AKSS,4146,Waterfront_Bus_Station,Bligh_Way_Shops,,,51.388098,0.466703,328
2026-07-24T07:26:05.864451,2026-07-23T15:28:59+00:00,191,inbound,AKSS,4150,Marina,Waterfront_Bus_Station,2026-07-23T13:14:00+00:00,2026-07-23T13:58:00+00:00,51.402735,0.513503,
2026-07-24T07:26:05.864451,2026-07-24T07:25:50+00:00,164,inbound,AKSS,4152,Chatham_Grove,Waterfront_Bus_Station,2026-07-24T07:12:00+00:00,2026-07-24T07:38:00+00:00,51.382508,0.522754,314
2026-07-24T07:26:05.864451,2026-07-24T07:25:56+00:00,166,inbound,AKSS,4154,The_Kestrel_Shopping_Centre,Waterfront_Bus_Station,,,51.381741,0.522316,213
2026-07-24T07:26:05.864451,2026-07-24T07:25:41+00:00,219,inbound,AKSS,4217,Pinnacles,Tunbridge_Wells_Hospital,2026-07-24T07:08:00+00:00,2026-07-24T07:53:00+00:00,51.209771,0.278844,233
2026-07-24T07:26:05.864451,2026-07-24T07:25:46+00:00,116,outbound,AKSS,4219,Waterfront_Bus_Station,Hempstead_Valley_Shopping_Centre,2026-07-24T07:05:00+00:00,2026-07-24T08:11:00+00:00,51.381788,0.545728,144
2026-07-24T07:26:05.864451,2026-07-24T07:18:46+00:00,132,outbound,AKSS,4220,Hempstead_Valley_Shopping_Centre,Grammar_Schools,,,51.385253,0.5243,
2026-07-24T07:26:05.864451,2026-07-24T07:25:51+00:00,176,outbound,AKSS,4222,Plantation_Road,Alexandra_Hospital,,,51.351161,0.523383,179
2026-07-24T07:26:05.864451,2026-07-24T07:25:48+00:00,132,outbound,AKSS,4223,Hempstead_Valley_Shopping_Centre,Grammar_Schools,,,51.373463,0.552746,296
2026-07-24T07:26:05.864451,2026-07-23T16:29:54+00:00,140,outbound,AKSS,4224,Bligh_Way_Shops,Waterfront_Bus_Station,2026-07-23T15:56:00+00:00,2026-07-23T16:29:00+00:00,51.384666,0.524025,
2026-07-24T07:26:05.864451,2026-07-24T07:12:47+00:00,116,outbound,AKSS,4261,Waterfront_Bus_Station,Hempstead_Valley_Shopping_Centre,2026-07-24T06:20:00+00:00,2026-07-24T07:33:00+00:00,51.353983,0.59155,
2026-07-24T07:26:05.864451,2026-07-24T07:25:45+00:00,175,outbound,AKSS,4262,King_Street,Waterfront_Bus_Station,,,51.37895,0.544178,127
2026-07-24T07:26:05.864451,2026-07-24T07:25:54+00:00,175,inbound,AKSS,4263,Waterfront_Bus_Station,King_Street,,,51.381821,0.52886,141
2026-07-24T07:26:05.864451,2026-07-24T07:23:23+00:00,177,inbound,AKSS,4264,Alexandra_Hospital,Plantation_Road,,,51.385008,0.52454,
2026-07-24T07:26:05.864451,2026-07-24T07:25:28+00:00,132,outbound,AKSS,4266,Hempstead_Valley_Shopping_Centre,Waterfront_Bus_Station,2026-07-24T07:30:00+00:00,2026-07-24T08:22:00+00:00,51.34032,0.572408,
2026-07-24T07:26:05.864451,2026-07-24T07:25:37+00:00,176,inbound,AKSS,4268,Alexandra_Hospital,Plantation_Road,,,51.349831,0.52054,71
2026-07-24T07:26:05.864451,2026-07-24T07:25:46+00:00,176,inbound,AKSS,4269,Alexandra_Hospital,Plantation_Road,,,51.392323,0.549395,30
2026-07-24T07:26:05.864451,2026-07-24T07:20:01+00:00,132,inbound,AKSS,4270,Grammar_Schools,Hempstead_Valley_Shopping_Centre,,,51.38554,0.524845,55
2026-07-24T07:26:05.864451,2026-07-24T07:25:56+00:00,182,inbound,AKSS,4271,Shops,Waterfront_Bus_Station,,,51.374745,0.591471,284
2026-07-24T07:26:05.864451,2026-07-24T07:25:49+00:00,141,outbound,AKSS,4272,Bligh_Way_Shops,Waterfront_Bus_Station,,,51.394031,0.498179,135
2026-07-24T07:26:05.864451,2026-07-24T07:25:56+00:00,182,outbound,AKSS,4273,Waterfront_Bus_Station,Beechings_Green,,,51.37666,0.579128,132
2026-07-24T07:26:05.864451,2026-07-24T05:42:05+00:00,166,inbound,AKSS,4280,The_Kestrel_Shopping_Centre,Waterfront_Bus_Station,2026-07-24T04:40:00+00:00,2026-07-24T05:13:00+00:00,51.380675,0.52141,
2026-07-24T07:26:05.864451,2026-07-23T17:02:06+00:00,191,inbound,AKSS,4281,Lapwing_Road,Waterfront_Bus_Station,,,51.433823,0.563891,
2026-07-24T07:26:05.864451,2026-07-24T07:24:33+00:00,85,inbound,AKSS,4282,Hever_Close,Chequers_Bus_Station,2026-07-24T07:05:00+00:00,2026-07-24T07:28:00+00:00,51.273086,0.526448,
2026-07-24T07:26:05.864451,2026-07-23T18:13:41+00:00,85,inbound,AKSS,4283,Hever_Close,Chequers_Bus_Station,2026-07-23T17:59:00+00:00,2026-07-23T18:16:00+00:00,51.272213,0.527123,
2026-07-24T07:26:05.864451,2026-07-24T07:25:47+00:00,85,outbound,AKSS,4284,Chequers_Bus_Station,Hever_Close,2026-07-24T07:15:00+00:00,2026-07-24T07:36:00+00:00,51.25947,0.541961,189
2026-07-24T07:26:05.864451,2026-07-24T07:25:32+00:00,182,inbound,AKSS,4289,Shops,Waterfront_Bus_Station,,,51.383971,0.55028,15
2026-07-24T07:26:05.864451,2026-07-24T07:25:30+00:00,140,inbound,AKSS,4290,Waterfront_Bus_Station,Bligh_Way_Shops,,,51.382425,0.522891,176
2026-07-24T07:26:05.864451,2026-07-24T07:25:55+00:00,132,inbound,AKSS,4291,Grammar_Schools,Hempstead_Valley_Shopping_Centre,,,51.338911,0.582443,
2026-07-24T07:26:05.864451,2026-07-24T07:13:59+00:00,166,outbound,AKSS,4292,Chatham_Railway_Station,Lordswood_Close,,,51.380356,0.53029,184
2026-07-24T07:26:05.864451,2026-07-23T22:48:57+00:00,132,inbound,AKSS,4293,Waterfront_Bus_Station,Hempstead_Valley_Shopping_Centre,2026-07-23T22:23:00+00:00,2026-07-23T22:52:00+00:00,51.342448,0.580056,335
2026-07-24T07:26:05.864451,2026-07-23T18:08:28+00:00,89,inbound,AKSS,4296,Spice_Lounge,King_Street,2026-07-23T17:39:00+00:00,2026-07-23T18:01:00+00:00,51.273918,0.523875,
2026-07-24T07:26:05.864451,2026-07-24T07:25:44+00:00,166,inbound,AKSS,4298,The_Kestrel_Shopping_Centre,Waterfront_Bus_Station,,,51.346358,0.534556,312
2026-07-24T07:26:05.864451,2026-07-24T07:25:30+00:00,140,outbound,AKSS,4299,Bligh_Way_Shops,Waterfront_Bus_Station,,,51.390946,0.504091,121
2026-07-24T07:26:05.864451,2026-07-24T07:25:45+00:00,176,outbound,AKSS,4300,Plantation_Road,Alexandra_Hospital,,,51.394773,0.555943,285
2026-07-24T07:26:05.864451,2026-07-24T07:25:52+00:00,182,inbound,AKSS,4308,Beechings_Green,Waterfront_Bus_Station,2026-07-24T06:50:00+00:00,2026-07-24T07:17:00+00:00,51.384718,0.52385,
2026-07-24T07:26:05.864451,2026-07-24T07:25:49+00:00,166,outbound,AKSS,4312,Chatham_Railway_Station,Lordswood_Close,,,51.385315,0.524845,358
2026-07-24T07:26:05.864451,2026-07-24T07:02:20+00:00,133,outbound,AKSS,4313,The_Six_Bells,Huntsmans_Corner,,,51.385088,0.524191,
2026-07-24T07:26:05.864451,2026-07-24T07:25:53+00:00,132,outbound,AKSS,4314,Hempstead_Valley_Shopping_Centre,Waterfront_Bus_Station,2026-07-24T07:10:00+00:00,2026-07-24T08:04:00+00:00,51.358818,0.601701,300
2026-07-24T07:26:05.864451,2026-07-24T07:25:46+00:00,182,inbound,AKSS,4316,Shops,Waterfront_Bus_Station,,,51.385401,0.525273,222
2026-07-24T07:26:05.864451,2026-07-24T07:17:54+00:00,166,outbound,AKSS,4317,Chatham_Railway_Station,Lordswood_Close,,,51.35797,0.542826,210
2026-07-24T07:26:05.864451,2026-07-23T07:37:28+00:00,182,inbound,AKSS,4319,Shops,Waterfront_Bus_Station,,,51.384576,0.523891,
2026-07-24T07:26:05.864451,2026-07-24T07:25:46+00:00,3,inbound,AKSS,4340,Maidstone_Hospital,Chequers_Bus_Station,2026-07-24T07:12:00+00:00,2026-07-24T07:40:00+00:00,51.268961,0.502566,56
2026-07-24T07:26:05.864451,2026-07-23T19:13:07+00:00,3,outbound,AKSS,4341,Chequers_Bus_Station,Maidstone_Hospital,2026-07-23T18:55:00+00:00,2026-07-23T19:12:00+00:00,51.273721,0.483211,
2026-07-24T07:26:05.864451,2026-07-24T07:25:51+00:00,218,inbound,AKSS,4349,Pinnacles,Quarry_Hill_Parade,2026-07-24T07:31:00+00:00,2026-07-24T08:00:00+00:00,51.20967,0.279475,
2026-07-24T07:26:05.864451,2026-07-24T07:25:25+00:00,82,outbound,AKSS,4350,Royal_Star_Arcade,Parade,2026-07-24T07:31:00+00:00,2026-07-24T07:56:00+00:00,51.27335,0.521676,
2026-07-24T07:26:05.864451,2026-07-24T07:25:57+00:00,3,outbound,AKSS,4351,Chequers_Bus_Station,Maidstone_Hospital,2026-07-24T07:23:00+00:00,2026-07-24T07:49:00+00:00,51.2735,0.521903,250
2026-07-24T07:26:05.864451,2026-07-24T07:25:54+00:00,82,outbound,AKSS,4352,Royal_Star_Arcade,Parade,2026-07-24T07:18:00+00:00,2026-07-24T07:43:00+00:00,51.264185,0.52819,153
2026-07-24T07:26:05.864451,2026-07-23T13:28:47+00:00,7,outbound,AKSS,4355,Chequers_Bus_Station,Railway_Station,2026-07-23T11:36:00+00:00,2026-07-23T13:04:00+00:00,51.273366,0.521665,
2026-07-24T07:26:05.864451,2026-07-24T07:25:31+00:00,3,inbound,AKSS,4471,Maidstone_Hospital,Chequers_Bus_Station,2026-07-24T07:35:00+00:00,2026-07-24T08:01:00+00:00,51.273776,0.483193,
2026-07-24T07:26:05.864451,2026-07-24T07:25:55+00:00,6,outbound,AKSS,5457,Invicta_Girls__Grammar_School,Railway_Station,,,51.25548,0.423131,279
2026-07-24T07:26:05.864451,2026-07-23T16:28:33+00:00,219,inbound,AKSS,5458,Pinnacles,Tunbridge_Wells_Hospital,2026-07-23T15:32:00+00:00,2026-07-23T16:16:00+00:00,51.160498,0.295956,
2026-07-24T07:26:05.864451,2026-07-24T07:25:25+00:00,177,outbound,AKSS,5459,Plantation_Road,Alexandra_Hospital,,,51.353833,0.523545,153
2026-07-24T07:26:05.864451,2026-07-24T07:25:52+00:00,132,inbound,AKSS,5460,Grammar_Schools,Hempstead_Valley_Shopping_Centre,,,51.361991,0.599308,219
2026-07-24T07:26:05.864451,2026-07-23T18:19:42+00:00,700,outbound,AKSS,5463,Bus_Station,Waterfront_Bus_Station,2026-07-23T17:40:00+00:00,2026-07-23T18:16:00+00:00,51.38229,0.522533,
2026-07-24T07:26:05.864451,2026-07-24T07:25:38+00:00,191,outbound,AKSS,5466,Waterfront_Bus_Station,Lapwing_Road,,,51.468193,0.636438,80
2026-07-24T07:26:05.864451,2026-07-24T07:25:51+00:00,71,outbound,AKSS,5467,Chequers_Bus_Station,Railway_Station,2026-07-24T06:40:00+00:00,2026-07-24T07:37:00+00:00,51.318933,0.435511,55
2026-07-24T07:26:05.864451,2026-07-24T07:25:40+00:00,402,inbound,AKSS,6141,Old_West_Station_Sainsbury_s,Knole_Academy,,,51.20129,0.276631,346
2026-07-24T07:26:05.864451,2026-07-23T18:42:41+00:00,402,outbound,AKSS,6151,Bus_Station,Railway_Station,2026-07-23T18:00:00+00:00,2026-07-23T18:46:00+00:00,51.132508,0.26351,
2026-07-24T07:26:05.864451,2026-07-24T07:25:52+00:00,402,outbound,AKSS,6200,Rose_and_Crown,Old_West_Station_Sainsbury_s,,,51.16535,0.25273,174
2026-07-24T07:26:05.864451,2026-07-24T07:25:58+00:00,402,inbound,AKSS,6202,Old_West_Station_Sainsbury_s,Knole_Academy,,,51.130946,0.263725,
2026-07-24T07:26:05.864451,2026-07-23T17:19:58+00:00,6,inbound,AKSS,6203,Railway_Station,Invicta_Girls__Grammar_School,,,51.217791,0.393785,109
2026-07-24T07:26:05.864451,2026-07-24T07:08:35+00:00,6,inbound,AKSS,6204,Railway_Station,Invicta_Girls__Grammar_School,,,51.18431,0.38745,
2026-07-24T07:26:05.864451,2026-07-24T07:25:54+00:00,6,inbound,AKSS,6205,Railway_Station,Invicta_Girls__Grammar_School,,,51.130521,0.264055,
2026-07-24T07:26:05.864451,2026-07-24T07:25:28+00:00,82,outbound,AKSS,6402,Royal_Star_Arcade,Parade,2026-07-24T07:44:00+00:00,2026-07-24T08:09:00+00:00,51.27325,0.521293,
2026-07-24T07:26:05.864451,2026-07-23T17:32:08+00:00,12,outbound,AKSS,6472,Royal_Star_Arcade,The_Vine,2026-07-23T17:00:00+00:00,2026-07-23T18:10:00+00:00,51.227286,0.589951,143
2026-07-24T07:26:05.864451,2026-07-23T17:14:46+00:00,176,inbound,AKSS,6473,Alexandra_Hospital,Plantation_Road,,,51.388341,0.574216,291
2026-07-24T07:26:05.864451,2026-07-24T07:25:55+00:00,116,inbound,AKSS,6474,Hempstead_Valley_Shopping_Centre,Waterfront_Bus_Station,2026-07-24T07:21:00+00:00,2026-07-24T08:28:00+00:00,51.338226,0.583138,159
2026-07-24T07:26:05.864451,2026-07-23T23:20:55+00:00,132,inbound,AKSS,6475,Waterfront_Bus_Station,Hempstead_Valley_Shopping_Centre,2026-07-23T22:53:00+00:00,2026-07-23T23:22:00+00:00,51.340506,0.573029,
2026-07-24T07:26:05.864451,2026-07-23T17:08:46+00:00,101,inbound,AKSS,6476,Shops,Chequers_Bus_Station,,,51.273618,0.527021,
2026-07-24T07:26:05.864451,2026-07-23T11:53:26+00:00,155,outbound,AKSS,6477,Village_Surgery,Waterfront_Bus_Station,2026-07-23T11:40:00+00:00,2026-07-23T11:56:00+00:00,51.38229,0.522801,30
2026-07-24T07:26:05.864451,2026-07-23T16:37:42+00:00,101,inbound,AKSS,6478,Shops,Chequers_Bus_Station,,,51.272405,0.5268,
2026-07-24T07:26:05.864451,2026-07-23T17:32:29+00:00,101,outbound,AKSS,6479,Chequers_Bus_Station,Duncan_Road,2026-07-23T16:34:00+00:00,2026-07-23T17:32:00+00:00,51.38437,0.55061,
2026-07-24T07:26:05.864451,2026-07-24T07:25:31+00:00,141,outbound,AKSS,6480,Bligh_Way_Shops,Waterfront_Bus_Station,,,51.384736,0.524401,
2026-07-24T07:26:05.864451,2026-07-23T17:47:30+00:00,175,inbound,AKSS,6481,Waterfront_Bus_Station,King_Street,,,51.387455,0.54911,
2026-07-24T07:26:05.864451,2026-07-24T07:25:51+00:00,7,outbound,AKSS,6482,Chequers_Bus_Station,Railway_Station,2026-07-24T06:48:00+00:00,2026-07-24T08:29:00+00:00,51.256086,0.400776,280
2026-07-24T07:26:05.864451,2026-07-23T17:54:37+00:00,191,outbound,AKSS,6483,Waterfront_Bus_Station,Lapwing_Road,,,51.386648,0.550875,
2026-07-24T07:26:05.864451,2026-07-23T17:49:02+00:00,182,inbound,AKSS,6484,Beechings_Green,Waterfront_Bus_Station,2026-07-23T17:23:00+00:00,2026-07-23T17:49:00+00:00,51.384346,0.523986,173
2026-07-24T07:26:05.864451,2026-07-24T07:25:56+00:00,89,outbound,AKSS,6492,King_Street,Spice_Lounge,2026-07-24T07:12:00+00:00,2026-07-24T07:44:00+00:00,51.263353,0.5286,165
2026-07-24T07:26:05.864451,2026-07-24T07:25:26+00:00,7,inbound,AKSS,6500,Railway_Station,Chequers_Bus_Station,2026-07-24T06:29:00+00:00,2026-07-24T08:00:00+00:00,51.251176,0.373433,16
2026-07-24T07:26:05.864451,2026-07-24T07:25:55+00:00,6X,outbound,AKSS,6501,Maidstone_Hospital,Tunbridge_Wells_Hospital,2026-07-24T07:05:00+00:00,2026-07-24T07:49:00+00:00,51.255223,0.423893,288
2026-07-24T07:26:05.864451,2026-07-24T07:25:31+00:00,7,inbound,AKSS,6502,Railway_Station,Chequers_Bus_Station,2026-07-24T06:54:00+00:00,2026-07-24T08:23:00+00:00,51.190726,0.270236,
2026-07-24T07:26:05.864451,2026-07-24T07:06:50+00:00,5,inbound,AKSS,6503,The_Eight_Bells,Invicta_Girls__Grammar_School,2026-07-24T05:44:00+00:00,2026-07-24T07:12:00+00:00,51.273108,0.526691,
2026-07-24T07:26:05.864451,2026-07-24T07:25:37+00:00,71,inbound,AKSS,6504,Railway_Station,Chequers_Bus_Station,2026-07-24T06:39:00+00:00,2026-07-24T07:55:00+00:00,51.29297,0.475591,112
2026-07-24T07:26:05.864451,2026-07-24T06:55:33+00:00,9,inbound,AKSS,6505,Pennine_Way,Oakwood_Park,2026-07-24T06:11:00+00:00,2026-07-24T07:17:00+00:00,51.273395,0.526753,
2026-07-24T07:26:05.864451,2026-07-24T07:05:06+00:00,12,inbound,AKSS,6509,The_Vine,Invicta_Girls__Grammar_School,2026-07-24T06:01:00+00:00,2026-07-24T07:23:00+00:00,51.273015,0.520723,56
2026-07-24T07:26:05.864451,2026-07-24T07:25:43+00:00,7,inbound,AKSS,6510,Railway_Station,Chequers_Bus_Station,2026-07-24T06:10:00+00:00,2026-07-24T07:35:00+00:00,51.273006,0.518155,
2026-07-24T07:26:05.864451,2026-07-23T19:06:57+00:00,82,inbound,AKSS,6511,Parade,Royal_Star_Arcade,2026-07-23T18:50:00+00:00,2026-07-23T19:07:00+00:00,51.273575,0.521501,
2026-07-24T07:26:05.864451,2026-07-24T07:25:47+00:00,71,outbound,AKSS,6512,Chequers_Bus_Station,Lunsford_Park_Tesco,2026-07-24T07:10:00+00:00,2026-07-24T07:52:00+00:00,51.283071,0.499833,299
2026-07-24T07:26:05.864451,2026-07-24T07:25:49+00:00,89,inbound,AKSS,6513,Spice_Lounge,King_Street,2026-07-24T07:06:00+00:00,2026-07-24T07:35:00+00:00,51.259753,0.530356,343
2026-07-24T07:26:05.864451,2026-07-24T07:25:47+00:00,5,outbound,AKSS,6514,Chequers_Bus_Station,The_Eight_Bells,2026-07-24T06:12:00+00:00,2026-07-24T07:26:00+00:00,51.073035,0.508673,208
2026-07-24T07:26:05.864451,2026-07-24T07:25:49+00:00,5,inbound,AKSS,6516,The_Eight_Bells,Chequers_Bus_Station,2026-07-24T08:35:00+00:00,2026-07-24T09:44:00+00:00,51.273655,0.52248,61
2026-07-24T07:26:05.864451,2026-07-23T18:13:22+00:00,72,inbound,AKSS,6520,Asda,Chequers_Bus_Station,2026-07-23T17:22:00+00:00,2026-07-23T18:14:00+00:00,51.273325,0.526843,
2026-07-24T07:26:05.864451,2026-07-24T07:25:34+00:00,7,outbound,AKSS,6522,Chequers_Bus_Station,Railway_Station,2026-07-24T07:27:00+00:00,2026-07-24T08:59:00+00:00,51.274173,0.523523,
2026-07-24T07:26:05.864451,2026-07-24T07:25:55+00:00,6X,inbound,AKSS,6532,Tunbridge_Wells_Hospital,Maidstone_Hospital,2026-07-24T07:12:00+00:00,2026-07-24T07:50:00+00:00,51.210171,0.397708,15
2026-07-24T07:26:05.864451,2026-07-24T07:25:38+00:00,7,outbound,AKSS,6533,Chequers_Bus_Station,Railway_Station,2026-07-24T06:05:00+00:00,2026-07-24T07:48:00+00:00,51.155988,0.260146,173
2026-07-24T07:26:05.864451,2026-07-24T07:24:23+00:00,12,outbound,AKSS,6535,Royal_Star_Arcade,The_Vine,,,51.139325,0.64114,171
2026-07-24T07:26:05.864451,2026-07-24T07:25:37+00:00,71,inbound,AKSS,6537,Railway_Station,Chequers_Bus_Station,2026-07-24T07:18:00+00:00,2026-07-24T08:16:00+00:00,51.317545,0.433778,246
2026-07-24T07:26:05.864451,2026-07-23T21:06:39+00:00,6X,inbound,AKSS,6538,Tunbridge_Wells_Hospital,Maidstone_Hospital,2026-07-23T20:31:00+00:00,2026-07-23T21:01:00+00:00,51.270513,0.525515,164
2026-07-24T07:26:05.864451,2026-07-24T07:08:56+00:00,7,outbound,AKSS,6539,Chequers_Bus_Station,Railway_Station,2026-07-24T05:38:00+00:00,2026-07-24T07:20:00+00:00,51.131038,0.263376,
2026-07-24T07:26:05.864451,2026-07-24T07:25:50+00:00,7,outbound,AKSS,6541,Chequers_Bus_Station,Railway_Station,2026-07-24T06:27:00+00:00,2026-07-24T08:10:00+00:00,51.205741,0.291283,221
2026-07-24T07:26:05.864451,2026-07-23T14:11:11+00:00,9,inbound,AKSS,6542,Tesco,Chequers_Bus_Station,2026-07-23T13:58:00+00:00,2026-07-23T14:12:00+00:00,51.272833,0.526611,
2026-07-24T07:26:05.864451,2026-07-24T07:25:34+00:00,141,outbound,AKSS,6543,Bligh_Way_Shops,Waterfront_Bus_Station,,,51.394845,0.46084,
2026-07-24T07:26:05.864451,2026-07-23T21:04:12+00:00,700,outbound,AKSS,6558,Bus_Station,Waterfront_Bus_Station,2026-07-23T20:32:00+00:00,2026-07-23T21:06:00+00:00,51.385035,0.524143,
2026-07-24T07:26:05.864451,2026-07-24T07:25:29+00:00,101,outbound,AKSS,6559,Chequers_Bus_Station,Beechings_Green,,,51.365125,0.518706,5
2026-07-24T07:26:05.864451,2026-07-24T07:25:45+00:00,101,outbound,AKSS,6561,Chequers_Bus_Station,Beechings_Green,,,51.275333,0.518471,
2026-07-24T07:26:05.864451,2026-07-24T07:25:54+00:00,101,outbound,AKSS,6562,Chequers_Bus_Station,Beechings_Green,,,51.31451,0.511291,336
2026-07-24T07:26:05.864451,2026-07-24T07:18:33+00:00,101,inbound,AKSS,6563,Shops,Chequers_Bus_Station,,,51.271835,0.521128,
2026-07-24T07:26:05.864451,2026-07-24T07:25:33+00:00,191,inbound,AKSS,6564,Lapwing_Road,Waterfront_Bus_Station,,,51.4207,0.553081,266
2026-07-24T07:26:05.864451,2026-07-24T07:25:32+00:00,101,outbound,AKSS,6565,Chequers_Bus_Station,Beechings_Green,,,51.38482,0.524106,
2026-07-24T07:26:05.864451,2026-07-24T07:25:34+00:00,101,outbound,AKSS,6566,Chequers_Bus_Station,Beechings_Green,,,51.388226,0.545506,120
2026-07-24T07:26:05.864451,2026-07-24T07:25:50+00:00,101,inbound,AKSS,6567,Shops,Chequers_Bus_Station,,,51.366815,0.519451,188
2026-07-24T07:26:05.864451,2026-07-24T07:25:44+00:00,101,inbound,AKSS,6568,Shops,Chequers_Bus_Station,,,51.386763,0.548416,16
2026-07-24T07:26:05.864451,2026-07-24T07:25:43+00:00,101,inbound,AKSS,6569,Duncan_Road,Chequers_Bus_Station,2026-07-24T07:11:00+00:00,2026-07-24T08:09:00+00:00,51.385645,0.524109,
2026-07-24T07:26:05.864451,2026-07-24T07:16:46+00:00,101,outbound,AKSS,6570,Chequers_Bus_Station,Beechings_Green,,,51.386253,0.550198,188
2026-07-24T07:26:05.864451,2026-07-24T07:25:48+00:00,101,inbound,AKSS,6571,Shops,Chequers_Bus_Station,,,51.272106,0.524884,118
2026-07-24T07:26:05.864451,2026-07-23T11:16:43+00:00,182,inbound,AKSS,SP_GM,Beechings_Green,Waterfront_Bus_Station,2026-07-23T10:59:00+00:00,2026-07-23T11:26:00+00:00,51.384143,0.550363,
2026-07-24T07:26:05.864451,2026-07-23T19:48:46+00:00,RR,outbound,AKSS,SP_TW,Rail_Replacement,Rail_Replacement,,,51.161798,0.256043,
2026-07-24T07:26:05.864451,2026-07-24T07:25:53+00:00,483,outbound,AMTM,1563,Barrack_Row,Bus_Station,2026-07-24T06:39:00+00:00,2026-07-24T07:25:00+00:00,51.437756,0.275125,
2026-07-24T07:26:05.864451,2026-07-23T21:31:13+00:00,480,outbound,AMTM,1613,Joyce_Green_Lane_Terminus,Barrack_Row,2026-07-23T20:40:00+00:00,2026-07-23T21:31:00+00:00,51.441846,0.366105,
2026-07-24T07:26:05.864451,2026-07-24T07:25:38+00:00,414,inbound,AMTM,1633,Home_Gardens,Gorringe_Avenue,2026-07-24T08:00:00+00:00,2026-07-24T08:21:00+00:00,51.447705,0.218891,
2026-07-24T07:26:05.864451,2026-07-24T07:20:13+00:00,481,inbound,AMTM,1641,Bus_Station,Cascades_Leisure_Centre,,,51.419463,0.400426,
2026-07-24T07:26:05.864451,2026-07-24T07:25:42+00:00,483,inbound,AMTM,2325,Bus_Station,Barrack_Row,2026-07-24T06:56:00+00:00,2026-07-24T07:51:00+00:00,51.426133,0.340183,
2026-07-24T07:26:05.864451,2026-07-24T07:25:35+00:00,482,inbound,AMTM,2326,Barrack_Row,Mungo_Park_Road,2026-07-24T07:17:00+00:00,2026-07-24T07:33:00+00:00,51.429691,0.37625,154
2026-07-24T07:26:05.864451,2026-07-24T07:25:43+00:00,483,outbound,AMTM,2327,Barrack_Row,Bus_Station,2026-07-24T07:19:00+00:00,2026-07-24T08:06:00+00:00,51.428975,0.349048,153
2026-07-24T07:26:05.864451,2026-07-24T07:25:29+00:00,491,outbound,AMTM,4088,Barrack_Row,Cascades_Leisure_Centre,2026-07-24T07:28:00+00:00,2026-07-24T07:50:00+00:00,51.44178,0.366195,
2026-07-24T07:26:05.864451,2026-07-23T18:33:32+00:00,490,inbound,AMTM,4089,Mackenzie_Way_Shops,Barrack_Row,2026-07-23T18:20:00+00:00,2026-07-23T18:35:00+00:00,51.440513,0.368276,
2026-07-24T07:26:05.864451,2026-07-24T07:21:04+00:00,491,outbound,AMTM,4090,Barrack_Row,Cascades_Leisure_Centre,2026-07-24T07:04:00+00:00,2026-07-24T07:25:00+00:00,51.419605,0.400473,
2026-07-24T07:26:05.864451,2026-07-24T07:25:54+00:00,480,outbound,AMTM,4091,Joyce_Green_Lane_Terminus,Cascades_Leisure_Centre,,,51.446581,0.218293,
2026-07-24T07:26:05.864451,2026-07-24T07:25:55+00:00,490,outbound,AMTM,4092,Home_Gardens,Cascades_Leisure_Centre,,,51.433396,0.392455,139
2026-07-24T07:26:05.864451,2026-07-24T07:25:32+00:00,491,inbound,AMTM,4306,Cascades,Barrack_Row,,,51.432268,0.390661,91
2026-07-24T07:26:05.864451,2026-07-24T07:25:41+00:00,480,inbound,AMTM,4307,Barrack_Row,Joyce_Green_Lane_Terminus,2026-07-24T06:36:00+00:00,2026-07-24T07:50:00+00:00,51.446621,0.217028,
2026-07-24T07:26:05.864451,2026-07-23T14:22:05+00:00,190,inbound,AMTM,4310,Waterfront_Bus_Station,Barrack_Row,,,51.440483,0.368296,
2026-07-24T07:26:05.864451,2026-07-24T07:25:41+00:00,190,inbound,AMTM,4311,Waterfront_Bus_Station,Barrack_Row,,,51.401916,0.480223,327
2026-07-24T07:26:05.864451,2026-07-24T07:14:28+00:00,190,inbound,AMTM,4315,Waterfront_Bus_Station,Barrack_Row,,,51.441838,0.365345,
2026-07-24T07:26:05.864451,2026-07-24T07:25:48+00:00,480,outbound,AMTM,4323,Joyce_Green_Lane_Terminus,Cascades_Leisure_Centre,,,51.442185,0.347246,88
2026-07-24T07:26:05.864451,2026-07-24T07:25:29+00:00,480,outbound,AMTM,4324,Joyce_Green_Lane_Terminus,Cascades_Leisure_Centre,,,51.443895,0.312558,167
2026-07-24T07:26:05.864451,2026-07-24T07:25:34+00:00,480,inbound,AMTM,4325,Cascades,Joyce_Green_Lane_Terminus,,,51.438238,0.277748,9
2026-07-24T07:26:05.864451,2026-07-24T07:25:29+00:00,480,inbound,AMTM,4326,Cascades,Joyce_Green_Lane_Terminus,,,51.441705,0.36575,
2026-07-24T07:26:05.864451,2026-07-24T05:59:05+00:00,480,inbound,AMTM,4328,Barrack_Row,Joyce_Green_Lane_Terminus,2026-07-24T05:09:00+00:00,2026-07-24T06:03:00+00:00,51.459053,0.226195,
2026-07-24T07:26:05.864451,2026-07-24T07:25:50+00:00,190,outbound,AMTM,4329,Barrack_Row,Waterfront_Bus_Station,,,51.385043,0.524693,
2026-07-24T07:26:05.864451,2026-07-24T07:25:54+00:00,480,outbound,AMTM,4330,Joyce_Green_Lane_Terminus,Cascades_Leisure_Centre,,,51.447985,0.276161,70
2026-07-24T07:26:05.864451,2026-07-24T07:25:35+00:00,490,inbound,AMTM,4332,Cascades_Leisure_Centre,Prospect_Place,,,51.415886,0.384686,339
2026-07-24T07:26:05.864451,2026-07-24T07:15:09+00:00,700,outbound,AMTM,4333,Bus_Station,Waterfront_Bus_Station,,,51.384763,0.524495,
2026-07-24T07:26:05.864451,2026-07-24T07:25:34+00:00,480,inbound,AMTM,4334,Barrack_Row,Joyce_Green_Lane_Terminus,2026-07-24T07:06:00+00:00,2026-07-24T08:15:00+00:00,51.450185,0.308123,
2026-07-24T07:26:05.864451,2026-07-24T07:25:24+00:00,480,inbound,AMTM,4335,Cascades,Joyce_Green_Lane_Terminus,,,51.44208,0.33867,270
2026-07-24T07:26:05.864451,2026-07-24T07:17:57+00:00,480,outbound,AMTM,4338,Joyce_Green_Lane_Terminus,Cascades_Leisure_Centre,,,51.459145,0.226188,
2026-07-24T07:26:05.864451,2026-07-24T07:25:37+00:00,700,inbound,AMTM,4346,Waterfront_Bus_Station,Bus_Station,,,51.437753,0.27606,
2026-07-24T07:26:05.864451,2026-07-24T07:25:41+00:00,190,outbound,AMTM,4354,Barrack_Row,Waterfront_Bus_Station,,,51.435581,0.389323,136
2026-07-24T07:27:07.301332,2026-07-23T22:01:00+00:00,277,outbound,AKSS,1466,Railway_Station,Tunbridge_Wells_Hospital,2026-07-23T21:15:00+00:00,2026-07-23T21:40:00+00:00,51.160268,0.294988,
2026-07-24T07:27:07.301332,2026-07-24T07:26:54+00:00,281,outbound,AKSS,1501,Parsonage_Close,Barnetts_Way,,,51.135476,0.262878,331
2026-07-24T07:27:07.301332,2026-07-23T21:06:56+00:00,277,outbound,AKSS,1502,Railway_Station,Tunbridge_Wells_Hospital,2026-07-23T20:45:00+00:00,2026-07-23T21:10:00+00:00,51.154758,0.295441,65
2026-07-24T07:27:07.301332,2026-07-24T07:26:45+00:00,277,inbound,AKSS,1503,Tunbridge_Wells_Hospital,Railway_Station,2026-07-24T06:55:00+00:00,2026-07-24T07:30:00+00:00,51.13334,0.26531,
2026-07-24T07:27:07.301332,2026-07-24T06:35:16+00:00,281,outbound,AKSS,1522,Parsonage_Close,Barnetts_Way,,,51.154616,0.273033,
2026-07-24T07:27:07.301332,2026-07-24T07:26:29+00:00,177,inbound,AKSS,1650,Alexandra_Hospital,Plantation_Road,,,51.338305,0.520521,344
2026-07-24T07:27:07.301332,2026-07-24T07:26:40+00:00,146,inbound,AKSS,1651,The_George,Waterfront_Bus_Station,,,51.383231,0.515948,89
2026-07-24T07:27:07.301332,2026-07-24T07:26:42+00:00,146,outbound,AKSS,1652,Waterfront_Bus_Station,The_George,,,51.381431,0.508158,172
2026-07-24T07:27:07.301332,2026-07-23T17:58:14+00:00,146,inbound,AKSS,1653,The_George,Waterfront_Bus_Station,,,51.384208,0.52368,
2026-07-24T07:27:07.301332,2026-07-24T07:26:54+00:00,146,inbound,AKSS,1654,The_George,Waterfront_Bus_Station,,,51.363593,0.504654,
2026-07-24T07:27:07.301332,2026-07-24T07:26:48+00:00,2,inbound,AKSS,1655,Chatham_Railway_Station,Dockside_Outlet,,,51.394378,0.530425,37
2026-07-24T07:27:07.301332,2026-07-24T07:15:16+00:00,281,inbound,AKSS,1656,Barnetts_Way,Parsonage_Close,,,51.134293,0.263765,181
2026-07-24T07:27:07.301332,2026-07-24T07:23:33+00:00,281,inbound,AKSS,1657,Barnetts_Way,Parsonage_Close,,,51.152293,0.27103,155
2026-07-24T07:27:07.301332,2026-07-24T07:26:36+00:00,219,outbound,AKSS,1658,Quarry_Hill_Parade,Pinnacles,2026-07-24T07:30:00+00:00,2026-07-24T07:46:00+00:00,51.19074,0.270371,
2026-07-24T07:27:07.301332,2026-07-23T17:09:14+00:00,281,outbound,AKSS,1659,Parsonage_Close,Barnetts_Way,,,51.1382,0.228016,
2026-07-24T07:27:07.301332,2026-07-24T07:26:45+00:00,277,outbound,AKSS,2484,Railway_Station,Tunbridge_Wells_Hospital,2026-07-24T06:58:00+00:00,2026-07-24T07:27:00+00:00,51.15674,0.300155,102
2026-07-24T07:27:07.301332,2026-07-24T07:09:49+00:00,219,inbound,AKSS,2951,Pinnacles,Tunbridge_Wells_Hospital,2026-07-24T06:33:00+00:00,2026-07-24T07:13:00+00:00,51.148358,0.306841,
2026-07-24T07:27:07.301332,2026-07-23T12:06:01+00:00,218,inbound,AKSS,2956,Pinnacles,Quarry_Hill_Parade,2026-07-23T11:35:00+00:00,2026-07-23T12:00:00+00:00,51.200001,0.276436,
2026-07-24T07:27:07.301332,2026-07-24T06:09:10+00:00,6H,inbound,AKSS,3020,Railway_Station,Tunbridge_Wells_Hospital,2026-07-24T05:48:00+00:00,2026-07-24T06:05:00+00:00,51.14812,0.307403,
2026-07-24T07:27:07.301332,2026-07-23T17:12:19+00:00,402,inbound,AKSS,3908,Old_West_Station_Sainsbury_s,Knole_Academy,,,51.271293,0.193503,
2026-07-24T07:27:07.301332,2026-07-24T07:26:55+00:00,82,inbound,AKSS,4071,Parade,Royal_Star_Arcade,2026-07-24T07:09:00+00:00,2026-07-24T07:41:00+00:00,51.264956,0.526801,
2026-07-24T07:27:07.301332,2026-07-24T07:26:59+00:00,85,inbound,AKSS,4072,Hever_Close,Chequers_Bus_Station,2026-07-24T07:23:00+00:00,2026-07-24T07:46:00+00:00,51.253411,0.553935,179
2026-07-24T07:27:07.301332,2026-07-24T07:26:49+00:00,82,outbound,AKSS,4074,Royal_Star_Arcade,Parade,2026-07-24T07:06:00+00:00,2026-07-24T07:31:00+00:00,51.246573,0.549258,133
2026-07-24T07:27:07.301332,2026-07-24T07:26:58+00:00,82,inbound,AKSS,4075,Parade,Royal_Star_Arcade,2026-07-24T07:22:00+00:00,2026-07-24T07:53:00+00:00,51.240248,0.556856,132
2026-07-24T07:27:07.301332,2026-07-23T18:12:26+00:00,176,inbound,AKSS,4142,Alexandra_Hospital,Plantation_Road,,,51.388531,0.573693,
2026-07-24T07:27:07.301332,2026-07-23T23:00:53+00:00,166,inbound,AKSS,4143,The_Kestrel_Shopping_Centre,Waterfront_Bus_Station,2026-07-23T22:41:00+00:00,2026-07-23T23:12:00+00:00,51.377043,0.53651,
2026-07-24T07:27:07.301332,2026-07-24T07:26:55+00:00,1,outbound,AKSS,4144,The_Strand,Chatham_Railway_Station,2026-07-24T07:18:00+00:00,2026-07-24T07:43:00+00:00,51.396958,0.538489,282
2026-07-24T07:27:07.301332,2026-07-24T07:26:55+00:00,700,inbound,AKSS,4145,Waterfront_Bus_Station,Bus_Station,,,51.387396,0.507383,334
2026-07-24T07:27:07.301332,2026-07-24T07:15:17+00:00,140,inbound,AKSS,4146,Waterfront_Bus_Station,Bligh_Way_Shops,,,51.388098,0.466703,328
2026-07-24T07:27:07.301332,2026-07-23T15:28:59+00:00,191,inbound,AKSS,4150,Marina,Waterfront_Bus_Station,2026-07-23T13:14:00+00:00,2026-07-23T13:58:00+00:00,51.402735,0.513503,
2026-07-24T07:27:07.301332,2026-07-24T07:26:41+00:00,164,outbound,AKSS,4152,Chatham,Chatham_Grove,,,51.384081,0.523771,19
2026-07-24T07:27:07.301332,2026-07-24T07:26:32+00:00,166,inbound,AKSS,4154,The_Kestrel_Shopping_Centre,Waterfront_Bus_Station,,,51.380455,0.521784,273
2026-07-24T07:27:07.301332,2026-07-24T07:26:32+00:00,219,inbound,AKSS,4217,Pinnacles,Tunbridge_Wells_Hospital,2026-07-24T07:08:00+00:00,2026-07-24T07:53:00+00:00,51.209435,0.278668,
2026-07-24T07:27:07.301332,2026-07-24T07:26:40+00:00,116,outbound,AKSS,4219,Waterfront_Bus_Station,Hempstead_Valley_Shopping_Centre,2026-07-24T07:05:00+00:00,2026-07-24T08:11:00+00:00,51.380303,0.546556,170
2026-07-24T07:27:07.301332,2026-07-24T07:18:46+00:00,132,outbound,AKSS,4220,Hempstead_Valley_Shopping_Centre,Grammar_Schools,,,51.385253,0.5243,
2026-07-24T07:27:07.301332,2026-07-24T07:26:49+00:00,176,outbound,AKSS,4222,Plantation_Road,Alexandra_Hospital,,,51.349518,0.519568,167
2026-07-24T07:27:07.301332,2026-07-24T07:26:49+00:00,132,outbound,AKSS,4223,Hempstead_Valley_Shopping_Centre,Grammar_Schools,,,51.374411,0.547678,
2026-07-24T07:27:07.301332,2026-07-23T16:29:54+00:00,140,outbound,AKSS,4224,Bligh_Way_Shops,Waterfront_Bus_Station,2026-07-23T15:56:00+00:00,2026-07-23T16:29:00+00:00,51.384666,0.524025,
2026-07-24T07:27:07.301332,2026-07-24T07:12:47+00:00,116,outbound,AKSS,4261,Waterfront_Bus_Station,Hempstead_Valley_Shopping_Centre,2026-07-24T06:20:00+00:00,2026-07-24T07:33:00+00:00,51.353983,0.59155,
2026-07-24T07:27:07.301332,2026-07-24T07:26:49+00:00,175,outbound,AKSS,4262,King_Street,Waterfront_Bus_Station,,,51.378806,0.546486,91
2026-07-24T07:27:07.301332,2026-07-24T07:26:55+00:00,175,inbound,AKSS,4263,Waterfront_Bus_Station,King_Street,,,51.381166,0.529793,143
2026-07-24T07:27:07.301332,2026-07-24T07:23:23+00:00,177,inbound,AKSS,4264,Alexandra_Hospital,Plantation_Road,,,51.385008,0.52454,
2026-07-24T07:27:07.301332,2026-07-24T07:26:34+00:00,132,outbound,AKSS,4266,Hempstead_Valley_Shopping_Centre,Waterfront_Bus_Station,2026-07-24T07:30:00+00:00,2026-07-24T08:22:00+00:00,51.340326,0.572448,
2026-07-24T07:27:07.301332,2026-07-24T07:26:51+00:00,176,inbound,AKSS,4268,Alexandra_Hospital,Plantation_Road,,,51.351243,0.523311,349
2026-07-24T07:27:07.301332,2026-07-24T07:26:44+00:00,176,inbound,AKSS,4269,Alexandra_Hospital,Plantation_Road,,,51.394915,0.550856,334
2026-07-24T07:27:07.301332,2026-07-24T07:20:01+00:00,132,inbound,AKSS,4270,Grammar_Schools,Hempstead_Valley_Shopping_Centre,,,51.38554,0.524845,55
2026-07-24T07:27:07.301332,2026-07-24T07:26:57+00:00,182,inbound,AKSS,4271,Shops,Waterfront_Bus_Station,,,51.375753,0.586525,220
2026-07-24T07:27:07.301332,2026-07-24T07:26:53+00:00,141,outbound,AKSS,4272,Bligh_Way_Shops,Waterfront_Bus_Station,,,51.393856,0.498573,
2026-07-24T07:27:07.301332,2026-07-24T07:26:57+00:00,182,outbound,AKSS,4273,Waterfront_Bus_Station,Beechings_Green,,,51.375573,0.584115,147
2026-07-24T07:27:07.301332,2026-07-24T05:42:05+00:00,166,inbound,AKSS,4280,The_Kestrel_Shopping_Centre,Waterfront_Bus_Station,2026-07-24T04:40:00+00:00,2026-07-24T05:13:00+00:00,51.380675,0.52141,
2026-07-24T07:27:07.301332,2026-07-23T17:02:06+00:00,191,inbound,AKSS,4281,Lapwing_Road,Waterfront_Bus_Station,,,51.433823,0.563891,
2026-07-24T07:27:07.301332,2026-07-24T07:24:33+00:00,85,inbound,AKSS,4282,Hever_Close,Chequers_Bus_Station,2026-07-24T07:05:00+00:00,2026-07-24T07:28:00+00:00,51.273086,0.526448,
2026-07-24T07:27:07.301332,2026-07-23T18:13:41+00:00,85,inbound,AKSS,4283,Hever_Close,Chequers_Bus_Station,2026-07-23T17:59:00+00:00,2026-07-23T18:16:00+00:00,51.272213,0.527123,
2026-07-24T07:27:07.301332,2026-07-24T07:26:56+00:00,85,outbound,AKSS,4284,Chequers_Bus_Station,Hever_Close,2026-07-24T07:15:00+00:00,2026-07-24T07:36:00+00:00,51.25561,0.545388,138
2026-07-24T07:27:07.301332,2026-07-24T07:26:36+00:00,182,inbound,AKSS,4289,Shops,Waterfront_Bus_Station,,,51.384188,0.55041,
2026-07-24T07:27:07.301332,2026-07-24T07:26:42+00:00,140,inbound,AKSS,4290,Waterfront_Bus_Station,Bligh_Way_Shops,,,51.381576,0.521871,326
2026-07-24T07:27:07.301332,2026-07-24T07:26:43+00:00,132,inbound,AKSS,4291,Grammar_Schools,Hempstead_Valley_Shopping_Centre,,,51.338911,0.582443,
2026-07-24T07:27:07.301332,2026-07-24T07:13:59+00:00,166,outbound,AKSS,4292,Chatham_Railway_Station,Lordswood_Close,,,51.380356,0.53029,184
2026-07-24T07:27:07.301332,2026-07-23T22:48:57+00:00,132,inbound,AKSS,4293,Waterfront_Bus_Station,Hempstead_Valley_Shopping_Centre,2026-07-23T22:23:00+00:00,2026-07-23T22:52:00+00:00,51.342448,0.580056,335
2026-07-24T07:27:07.301332,2026-07-23T18:08:28+00:00,89,inbound,AKSS,4296,Spice_Lounge,King_Street,2026-07-23T17:39:00+00:00,2026-07-23T18:01:00+00:00,51.273918,0.523875,
2026-07-24T07:27:07.301332,2026-07-24T07:26:33+00:00,166,inbound,AKSS,4298,The_Kestrel_Shopping_Centre,Waterfront_Bus_Station,,,51.346935,0.532965,267
2026-07-24T07:27:07.301332,2026-07-24T07:26:46+00:00,140,outbound,AKSS,4299,Bligh_Way_Shops,Waterfront_Bus_Station,,,51.389625,0.505731,138
2026-07-24T07:27:07.301332,2026-07-24T07:26:51+00:00,176,outbound,AKSS,4300,Plantation_Road,Alexandra_Hospital,,,51.394913,0.555273,
2026-07-24T07:27:07.301332,2026-07-24T07:26:58+00:00,182,inbound,AKSS,4308,Beechings_Green,Waterfront_Bus_Station,2026-07-24T06:50:00+00:00,2026-07-24T07:17:00+00:00,51.38471,0.523858,
2026-07-24T07:27:07.301332,2026-07-24T07:26:58+00:00,166,outbound,AKSS,4312,Chatham_Railway_Station,Lordswood_Close,,,51.383741,0.526693,155
2026-07-24T07:27:07.301332,2026-07-24T07:02:20+00:00,133,outbound,AKSS,4313,The_Six_Bells,Huntsmans_Corner,,,51.385088,0.524191,
2026-07-24T07:27:07.301332,2026-07-24T07:26:26+00:00,132,outbound,AKSS,4314,Hempstead_Valley_Shopping_Centre,Waterfront_Bus_Station,2026-07-24T07:10:00+00:00,2026-07-24T08:04:00+00:00,51.359985,0.598848,302
2026-07-24T07:27:07.301332,2026-07-24T07:25:46+00:00,182,inbound,AKSS,4316,Shops,Waterfront_Bus_Station,,,51.385401,0.525273,222
2026-07-24T07:27:07.301332,2026-07-24T07:17:54+00:00,166,outbound,AKSS,4317,Chatham_Railway_Station,Lordswood_Close,,,51.35797,0.542826,210
2026-07-24T07:27:07.301332,2026-07-23T07:37:28+00:00,182,inbound,AKSS,4319,Shops,Waterfront_Bus_Station,,,51.384576,0.523891,
2026-07-24T07:27:07.301332,2026-07-24T07:26:55+00:00,3,inbound,AKSS,4340,Maidstone_Hospital,Chequers_Bus_Station,2026-07-24T07:12:00+00:00,2026-07-24T07:40:00+00:00,51.27014,0.509858,98
2026-07-24T07:27:07.301332,2026-07-23T19:13:07+00:00,3,outbound,AKSS,4341,Chequers_Bus_Station,Maidstone_Hospital,2026-07-23T18:55:00+00:00,2026-07-23T19:12:00+00:00,51.273721,0.483211,
2026-07-24T07:27:07.301332,2026-07-24T07:26:57+00:00,218,inbound,AKSS,4349,Pinnacles,Quarry_Hill_Parade,2026-07-24T07:31:00+00:00,2026-07-24T08:00:00+00:00,51.209676,0.279481,
2026-07-24T07:27:07.301332,2026-07-24T07:26:49+00:00,82,outbound,AKSS,4350,Royal_Star_Arcade,Parade,2026-07-24T07:31:00+00:00,2026-07-24T07:56:00+00:00,51.27333,0.521706,
2026-07-24T07:27:07.301332,2026-07-24T07:26:57+00:00,3,outbound,AKSS,4351,Chequers_Bus_Station,Maidstone_Hospital,2026-07-24T07:23:00+00:00,2026-07-24T07:49:00+00:00,51.273375,0.521556,
2026-07-24T07:27:07.301332,2026-07-24T07:26:30+00:00,82,outbound,AKSS,4352,Royal_Star_Arcade,Parade,2026-07-24T07:18:00+00:00,2026-07-24T07:43:00+00:00,51.262296,0.528971,191
2026-07-24T07:27:07.301332,2026-07-23T13:28:47+00:00,7,outbound,AKSS,4355,Chequers_Bus_Station,Railway_Station,2026-07-23T11:36:00+00:00,2026-07-23T13:04:00+00:00,51.273366,0.521665,
2026-07-24T07:27:07.301332,2026-07-24T07:26:37+00:00,3,inbound,AKSS,4471,Maidstone_Hospital,Chequers_Bus_Station,2026-07-24T07:35:00+00:00,2026-07-24T08:01:00+00:00,51.273805,0.483226,
2026-07-24T07:27:07.301332,2026-07-24T07:26:38+00:00,6,outbound,AKSS,5457,Invicta_Girls__Grammar_School,Railway_Station,,,51.253086,0.42135,182
2026-07-24T07:27:07.301332,2026-07-23T16:28:33+00:00,219,inbound,AKSS,5458,Pinnacles,Tunbridge_Wells_Hospital,2026-07-23T15:32:00+00:00,2026-07-23T16:16:00+00:00,51.160498,0.295956,
2026-07-24T07:27:07.301332,2026-07-24T07:26:55+00:00,177,outbound,AKSS,5459,Plantation_Road,Alexandra_Hospital,,,51.349401,0.523873,168
2026-07-24T07:27:07.301332,2026-07-24T07:26:58+00:00,132,inbound,AKSS,5460,Grammar_Schools,Hempstead_Valley_Shopping_Centre,,,51.359243,0.600831,124
2026-07-24T07:27:07.301332,2026-07-23T18:19:42+00:00,700,outbound,AKSS,5463,Bus_Station,Waterfront_Bus_Station,2026-07-23T17:40:00+00:00,2026-07-23T18:16:00+00:00,51.38229,0.522533,
2026-07-24T07:27:07.301332,2026-07-24T07:25:38+00:00,191,outbound,AKSS,5466,Waterfront_Bus_Station,Lapwing_Road,,,51.468193,0.636438,80
2026-07-24T07:27:07.301332,2026-07-24T07:26:36+00:00,71,outbound,AKSS,5467,Chequers_Bus_Station,Railway_Station,2026-07-24T06:40:00+00:00,2026-07-24T07:37:00+00:00,51.321193,0.438058,23
2026-07-24T07:27:07.301332,2026-07-24T07:26:42+00:00,402,inbound,AKSS,6141,Old_West_Station_Sainsbury_s,Knole_Academy,,,51.20353,0.268626,289
2026-07-24T07:27:07.301332,2026-07-24T07:26:35+00:00,402,outbound,AKSS,6143,Rose_and_Crown,Old_West_Station_Sainsbury_s,,,51.271303,0.192748,50
2026-07-24T07:27:07.301332,2026-07-23T18:42:41+00:00,402,outbound,AKSS,6151,Bus_Station,Railway_Station,2026-07-23T18:00:00+00:00,2026-07-23T18:46:00+00:00,51.132508,0.26351,
2026-07-24T07:27:07.301332,2026-07-24T07:26:55+00:00,402,outbound,AKSS,6200,Rose_and_Crown,Old_West_Station_Sainsbury_s,,,51.159528,0.258104,148
2026-07-24T07:27:07.301332,2026-07-24T07:26:54+00:00,402,inbound,AKSS,6202,Old_West_Station_Sainsbury_s,Knole_Academy,,,51.131748,0.263601,359
2026-07-24T07:27:07.301332,2026-07-23T17:19:58+00:00,6,inbound,AKSS,6203,Railway_Station,Invicta_Girls__Grammar_School,,,51.217791,0.393785,109
2026-07-24T07:27:07.301332,2026-07-24T07:26:56+00:00,6,inbound,AKSS,6204,Railway_Station,Invicta_Girls__Grammar_School,,,51.252331,0.421353,2
2026-07-24T07:27:07.301332,2026-07-24T07:26:58+00:00,6,inbound,AKSS,6205,Railway_Station,Invicta_Girls__Grammar_School,,,51.13085,0.264011,350
2026-07-24T07:27:07.301332,2026-07-24T07:26:34+00:00,82,outbound,AKSS,6402,Royal_Star_Arcade,Parade,2026-07-24T07:44:00+00:00,2026-07-24T08:09:00+00:00,51.273185,0.521298,
2026-07-24T07:27:07.301332,2026-07-23T17:32:08+00:00,12,outbound,AKSS,6472,Royal_Star_Arcade,The_Vine,2026-07-23T17:00:00+00:00,2026-07-23T18:10:00+00:00,51.227286,0.589951,143
2026-07-24T07:27:07.301332,2026-07-23T17:14:46+00:00,176,inbound,AKSS,6473,Alexandra_Hospital,Plantation_Road,,,51.388341,0.574216,291
2026-07-24T07:27:07.301332,2026-07-24T07:26:38+00:00,116,inbound,AKSS,6474,Hempstead_Valley_Shopping_Centre,Waterfront_Bus_Station,2026-07-24T07:21:00+00:00,2026-07-24T08:28:00+00:00,51.337328,0.587678,72
2026-07-24T07:27:07.301332,2026-07-23T23:20:55+00:00,132,inbound,AKSS,6475,Waterfront_Bus_Station,Hempstead_Valley_Shopping_Centre,2026-07-23T22:53:00+00:00,2026-07-23T23:22:00+00:00,51.340506,0.573029,
2026-07-24T07:27:07.301332,2026-07-23T17:08:46+00:00,101,inbound,AKSS,6476,Shops,Chequers_Bus_Station,,,51.273618,0.527021,
2026-07-24T07:27:07.301332,2026-07-23T11:53:26+00:00,155,outbound,AKSS,6477,Village_Surgery,Waterfront_Bus_Station,2026-07-23T11:40:00+00:00,2026-07-23T11:56:00+00:00,51.38229,0.522801,30
2026-07-24T07:27:07.301332,2026-07-23T16:37:42+00:00,101,inbound,AKSS,6478,Shops,Chequers_Bus_Station,,,51.272405,0.5268,
2026-07-24T07:27:07.301332,2026-07-23T17:32:29+00:00,101,outbound,AKSS,6479,Chequers_Bus_Station,Duncan_Road,2026-07-23T16:34:00+00:00,2026-07-23T17:32:00+00:00,51.38437,0.55061,
2026-07-24T07:27:07.301332,2026-07-24T07:26:37+00:00,141,outbound,AKSS,6480,Bligh_Way_Shops,Waterfront_Bus_Station,,,51.384755,0.52445,
2026-07-24T07:27:07.301332,2026-07-23T17:47:30+00:00,175,inbound,AKSS,6481,Waterfront_Bus_Station,King_Street,,,51.387455,0.54911,
2026-07-24T07:27:07.301332,2026-07-24T07:26:31+00:00,7,outbound,AKSS,6482,Chequers_Bus_Station,Railway_Station,2026-07-24T06:48:00+00:00,2026-07-24T08:29:00+00:00,51.25701,0.392361,276
2026-07-24T07:27:07.301332,2026-07-23T17:54:37+00:00,191,outbound,AKSS,6483,Waterfront_Bus_Station,Lapwing_Road,,,51.386648,0.550875,
2026-07-24T07:27:07.301332,2026-07-23T17:49:02+00:00,182,inbound,AKSS,6484,Beechings_Green,Waterfront_Bus_Station,2026-07-23T17:23:00+00:00,2026-07-23T17:49:00+00:00,51.384346,0.523986,173
2026-07-24T07:27:07.301332,2026-07-24T07:26:40+00:00,89,outbound,AKSS,6492,King_Street,Spice_Lounge,2026-07-24T07:12:00+00:00,2026-07-24T07:44:00+00:00,51.259365,0.530613,165
2026-07-24T07:27:07.301332,2026-07-24T07:26:47+00:00,7,inbound,AKSS,6500,Railway_Station,Chequers_Bus_Station,2026-07-24T06:29:00+00:00,2026-07-24T08:00:00+00:00,51.256723,0.370916,70
2026-07-24T07:27:07.301332,2026-07-24T07:26:30+00:00,6X,outbound,AKSS,6501,Maidstone_Hospital,Tunbridge_Wells_Hospital,2026-07-24T07:05:00+00:00,2026-07-24T07:49:00+00:00,51.25538,0.423375,
2026-07-24T07:27:07.301332,2026-07-24T07:26:55+00:00,7,inbound,AKSS,6502,Railway_Station,Chequers_Bus_Station,2026-07-24T06:54:00+00:00,2026-07-24T08:23:00+00:00,51.192591,0.27216,35
2026-07-24T07:27:07.301332,2026-07-24T07:06:50+00:00,5,inbound,AKSS,6503,The_Eight_Bells,Invicta_Girls__Grammar_School,2026-07-24T05:44:00+00:00,2026-07-24T07:12:00+00:00,51.273108,0.526691,
2026-07-24T07:27:07.301332,2026-07-24T07:26:41+00:00,71,inbound,AKSS,6504,Railway_Station,Chequers_Bus_Station,2026-07-24T06:39:00+00:00,2026-07-24T07:55:00+00:00,51.29278,0.476406,
2026-07-24T07:27:07.301332,2026-07-24T06:55:33+00:00,9,inbound,AKSS,6505,Pennine_Way,Oakwood_Park,2026-07-24T06:11:00+00:00,2026-07-24T07:17:00+00:00,51.273395,0.526753,
2026-07-24T07:27:07.301332,2026-07-24T07:05:06+00:00,12,inbound,AKSS,6509,The_Vine,Invicta_Girls__Grammar_School,2026-07-24T06:01:00+00:00,2026-07-24T07:23:00+00:00,51.273015,0.520723,56
2026-07-24T07:27:07.301332,2026-07-24T07:26:36+00:00,7,inbound,AKSS,6510,Railway_Station,Chequers_Bus_Station,2026-07-24T06:10:00+00:00,2026-07-24T07:35:00+00:00,51.27249,0.519336,56
2026-07-24T07:27:07.301332,2026-07-23T19:06:57+00:00,82,inbound,AKSS,6511,Parade,Royal_Star_Arcade,2026-07-23T18:50:00+00:00,2026-07-23T19:07:00+00:00,51.273575,0.521501,
2026-07-24T07:27:07.301332,2026-07-24T07:26:38+00:00,71,outbound,AKSS,6512,Chequers_Bus_Station,Lunsford_Park_Tesco,2026-07-24T07:10:00+00:00,2026-07-24T07:52:00+00:00,51.28433,0.49632,291
2026-07-24T07:27:07.301332,2026-07-24T07:26:47+00:00,89,inbound,AKSS,6513,Spice_Lounge,King_Street,2026-07-24T07:06:00+00:00,2026-07-24T07:35:00+00:00,51.26416,0.528125,339
2026-07-24T07:27:07.301332,2026-07-24T07:26:53+00:00,5,outbound,AKSS,6514,Chequers_Bus_Station,The_Eight_Bells,2026-07-24T06:12:00+00:00,2026-07-24T07:26:00+00:00,51.065896,0.506463,164
2026-07-24T07:27:07.301332,2026-07-24T07:26:43+00:00,5,inbound,AKSS,6516,The_Eight_Bells,Chequers_Bus_Station,2026-07-24T08:35:00+00:00,2026-07-24T09:44:00+00:00,51.273836,0.524244,
2026-07-24T07:27:07.301332,2026-07-23T18:13:22+00:00,72,inbound,AKSS,6520,Asda,Chequers_Bus_Station,2026-07-23T17:22:00+00:00,2026-07-23T18:14:00+00:00,51.273325,0.526843,
2026-07-24T07:27:07.301332,2026-07-24T07:26:52+00:00,7,outbound,AKSS,6522,Chequers_Bus_Station,Railway_Station,2026-07-24T07:27:00+00:00,2026-07-24T08:59:00+00:00,51.274173,0.523523,
2026-07-24T07:27:07.301332,2026-07-24T07:26:28+00:00,6X,inbound,AKSS,6532,Tunbridge_Wells_Hospital,Maidstone_Hospital,2026-07-24T07:12:00+00:00,2026-07-24T07:50:00+00:00,51.21535,0.399396,11
2026-07-24T07:27:07.301332,2026-07-24T07:26:38+00:00,7,outbound,AKSS,6533,Chequers_Bus_Station,Railway_Station,2026-07-24T06:05:00+00:00,2026-07-24T07:48:00+00:00,51.153186,0.261168,94
2026-07-24T07:27:07.301332,2026-07-24T07:26:39+00:00,12,outbound,AKSS,6535,Royal_Star_Arcade,The_Vine,,,51.121403,0.646606,214
2026-07-24T07:27:07.301332,2026-07-24T07:26:43+00:00,71,inbound,AKSS,6537,Railway_Station,Chequers_Bus_Station,2026-07-24T07:18:00+00:00,2026-07-24T08:16:00+00:00,51.312555,0.432241,101
2026-07-24T07:27:07.301332,2026-07-23T21:06:39+00:00,6X,inbound,AKSS,6538,Tunbridge_Wells_Hospital,Maidstone_Hospital,2026-07-23T20:31:00+00:00,2026-07-23T21:01:00+00:00,51.270513,0.525515,164
2026-07-24T07:27:07.301332,2026-07-24T07:08:56+00:00,7,outbound,AKSS,6539,Chequers_Bus_Station,Railway_Station,2026-07-24T05:38:00+00:00,2026-07-24T07:20:00+00:00,51.131038,0.263376,
2026-07-24T07:27:07.301332,2026-07-24T07:26:55+00:00,7,outbound,AKSS,6541,Chequers_Bus_Station,Railway_Station,2026-07-24T06:27:00+00:00,2026-07-24T08:10:00+00:00,51.200683,0.283371,229
2026-07-24T07:27:07.301332,2026-07-23T14:11:11+00:00,9,inbound,AKSS,6542,Tesco,Chequers_Bus_Station,2026-07-23T13:58:00+00:00,2026-07-23T14:12:00+00:00,51.272833,0.526611,
2026-07-24T07:27:07.301332,2026-07-24T07:26:40+00:00,141,outbound,AKSS,6543,Bligh_Way_Shops,Waterfront_Bus_Station,,,51.394813,0.460925,
2026-07-24T07:27:07.301332,2026-07-23T21:04:12+00:00,700,outbound,AKSS,6558,Bus_Station,Waterfront_Bus_Station,2026-07-23T20:32:00+00:00,2026-07-23T21:06:00+00:00,51.385035,0.524143,
2026-07-24T07:27:07.301332,2026-07-24T07:26:56+00:00,101,outbound,AKSS,6559,Chequers_Bus_Station,Beechings_Green,,,51.369895,0.520171,12
2026-07-24T07:27:07.301332,2026-07-24T07:26:57+00:00,101,outbound,AKSS,6561,Chequers_Bus_Station,Beechings_Green,,,51.276138,0.521373,27
2026-07-24T07:27:07.301332,2026-07-24T07:26:27+00:00,101,outbound,AKSS,6562,Chequers_Bus_Station,Beechings_Green,,,51.319878,0.506919,334
2026-07-24T07:27:07.301332,2026-07-24T07:18:33+00:00,101,inbound,AKSS,6563,Shops,Chequers_Bus_Station,,,51.271835,0.521128,
2026-07-24T07:27:07.301332,2026-07-24T07:26:55+00:00,191,inbound,AKSS,6564,Lapwing_Road,Waterfront_Bus_Station,,,51.420465,0.546996,260
2026-07-24T07:27:07.301332,2026-07-24T07:26:38+00:00,101,outbound,AKSS,6565,Chequers_Bus_Station,Beechings_Green,,,51.384761,0.523974,
2026-07-24T07:27:07.301332,2026-07-24T07:26:47+00:00,101,outbound,AKSS,6566,Chequers_Bus_Station,Beechings_Green,,,51.387335,0.549748,136
2026-07-24T07:27:07.301332,2026-07-24T07:26:42+00:00,101,inbound,AKSS,6567,Shops,Chequers_Bus_Station,,,51.361716,0.517645,205
2026-07-24T07:27:07.301332,2026-07-24T07:26:30+00:00,101,inbound,AKSS,6568,Shops,Chequers_Bus_Station,,,51.387095,0.548528,
2026-07-24T07:27:07.301332,2026-07-24T07:26:46+00:00,101,inbound,AKSS,6569,Duncan_Road,Chequers_Bus_Station,2026-07-24T07:11:00+00:00,2026-07-24T08:09:00+00:00,51.385325,0.52438,
2026-07-24T07:27:07.301332,2026-07-24T07:16:46+00:00,101,outbound,AKSS,6570,Chequers_Bus_Station,Beechings_Green,,,51.386253,0.550198,188
2026-07-24T07:27:07.301332,2026-07-24T07:26:58+00:00,101,inbound,AKSS,6571,Shops,Chequers_Bus_Station,,,51.27253,0.52678,10
2026-07-24T07:27:07.301332,2026-07-23T11:16:43+00:00,182,inbound,AKSS,SP_GM,Beechings_Green,Waterfront_Bus_Station,2026-07-23T10:59:00+00:00,2026-07-23T11:26:00+00:00,51.384143,0.550363,
2026-07-24T07:27:07.301332,2026-07-23T19:48:46+00:00,RR,outbound,AKSS,SP_TW,Rail_Replacement,Rail_Replacement,,,51.161798,0.256043,
2026-07-24T07:27:07.301332,2026-07-24T07:25:53+00:00,483,outbound,AMTM,1563,Barrack_Row,Bus_Station,2026-07-24T06:39:00+00:00,2026-07-24T07:25:00+00:00,51.437756,0.275125,
2026-07-24T07:27:07.301332,2026-07-23T21:31:13+00:00,480,outbound,AMTM,1613,Joyce_Green_Lane_Terminus,Barrack_Row,2026-07-23T20:40:00+00:00,2026-07-23T21:31:00+00:00,51.441846,0.366105,
2026-07-24T07:27:07.301332,2026-07-24T07:26:44+00:00,414,inbound,AMTM,1633,Home_Gardens,Gorringe_Avenue,2026-07-24T08:00:00+00:00,2026-07-24T08:21:00+00:00,51.447693,0.218951,
2026-07-24T07:27:07.301332,2026-07-24T07:20:13+00:00,481,inbound,AMTM,1641,Bus_Station,Cascades_Leisure_Centre,,,51.419463,0.400426,
2026-07-24T07:27:07.301332,2026-07-24T07:26:49+00:00,483,inbound,AMTM,2325,Bus_Station,Barrack_Row,2026-07-24T06:56:00+00:00,2026-07-24T07:51:00+00:00,51.426133,0.340183,
2026-07-24T07:27:07.301332,2026-07-24T07:26:30+00:00,482,inbound,AMTM,2326,Barrack_Row,Mungo_Park_Road,2026-07-24T07:17:00+00:00,2026-07-24T07:33:00+00:00,51.426983,0.37787,159
2026-07-24T07:27:07.301332,2026-07-24T07:26:48+00:00,483,outbound,AMTM,2327,Barrack_Row,Bus_Station,2026-07-24T07:19:00+00:00,2026-07-24T08:06:00+00:00,51.428613,0.349343,
2026-07-24T07:27:07.301332,2026-07-24T07:26:33+00:00,491,outbound,AMTM,4088,Barrack_Row,Cascades_Leisure_Centre,2026-07-24T07:28:00+00:00,2026-07-24T07:50:00+00:00,51.44178,0.366195,
2026-07-24T07:27:07.301332,2026-07-23T18:33:32+00:00,490,inbound,AMTM,4089,Mackenzie_Way_Shops,Barrack_Row,2026-07-23T18:20:00+00:00,2026-07-23T18:35:00+00:00,51.440513,0.368276,
2026-07-24T07:27:07.301332,2026-07-24T07:21:04+00:00,491,outbound,AMTM,4090,Barrack_Row,Cascades_Leisure_Centre,2026-07-24T07:04:00+00:00,2026-07-24T07:25:00+00:00,51.419605,0.400473,
2026-07-24T07:27:07.301332,2026-07-24T07:26:27+00:00,480,outbound,AMTM,4091,Joyce_Green_Lane_Terminus,Cascades_Leisure_Centre,,,51.446581,0.218293,
2026-07-24T07:27:07.301332,2026-07-24T07:26:55+00:00,490,outbound,AMTM,4092,Home_Gardens,Cascades_Leisure_Centre,,,51.432195,0.38982,270
2026-07-24T07:27:07.301332,2026-07-24T07:26:55+00:00,491,inbound,AMTM,4306,Cascades,Barrack_Row,,,51.432983,0.392831,
2026-07-24T07:27:07.301332,2026-07-24T07:26:51+00:00,480,inbound,AMTM,4307,Barrack_Row,Joyce_Green_Lane_Terminus,2026-07-24T06:36:00+00:00,2026-07-24T07:50:00+00:00,51.4475,0.220673,87
2026-07-24T07:27:07.301332,2026-07-23T14:22:05+00:00,190,inbound,AMTM,4310,Waterfront_Bus_Station,Barrack_Row,,,51.440483,0.368296,
2026-07-24T07:27:07.301332,2026-07-24T07:26:35+00:00,190,inbound,AMTM,4311,Waterfront_Bus_Station,Barrack_Row,,,51.402371,0.47965,354
2026-07-24T07:27:07.301332,2026-07-24T07:14:28+00:00,190,inbound,AMTM,4315,Waterfront_Bus_Station,Barrack_Row,,,51.441838,0.365345,
2026-07-24T07:27:07.301332,2026-07-24T07:26:46+00:00,480,outbound,AMTM,4323,Joyce_Green_Lane_Terminus,Cascades_Leisure_Centre,,,51.442295,0.350133,76
2026-07-24T07:27:07.301332,2026-07-24T07:26:44+00:00,480,outbound,AMTM,4324,Joyce_Green_Lane_Terminus,Cascades_Leisure_Centre,,,51.439016,0.31546,174
2026-07-24T07:27:07.301332,2026-07-24T07:26:39+00:00,480,inbound,AMTM,4325,Cascades,Joyce_Green_Lane_Terminus,,,51.442168,0.278971,78
2026-07-24T07:27:07.301332,2026-07-24T07:26:37+00:00,480,inbound,AMTM,4326,Cascades,Joyce_Green_Lane_Terminus,,,51.441691,0.365808,
2026-07-24T07:27:07.301332,2026-07-24T05:59:05+00:00,480,inbound,AMTM,4328,Barrack_Row,Joyce_Green_Lane_Terminus,2026-07-24T05:09:00+00:00,2026-07-24T06:03:00+00:00,51.459053,0.226195,
2026-07-24T07:27:07.301332,2026-07-24T07:26:56+00:00,190,outbound,AMTM,4329,Barrack_Row,Waterfront_Bus_Station,,,51.385163,0.52456,
2026-07-24T07:27:07.301332,2026-07-24T07:26:48+00:00,480,outbound,AMTM,4330,Joyce_Green_Lane_Terminus,Cascades_Leisure_Centre,,,51.447706,0.280183,148
2026-07-24T07:27:07.301332,2026-07-24T07:26:53+00:00,490,inbound,AMTM,4332,Cascades_Leisure_Centre,Prospect_Place,,,51.423486,0.384673,23
2026-07-24T07:27:07.301332,2026-07-24T07:15:09+00:00,700,outbound,AMTM,4333,Bus_Station,Waterfront_Bus_Station,,,51.384763,0.524495,
2026-07-24T07:27:07.301332,2026-07-24T07:26:28+00:00,480,inbound,AMTM,4334,Barrack_Row,Joyce_Green_Lane_Terminus,2026-07-24T07:06:00+00:00,2026-07-24T08:15:00+00:00,51.450185,0.308123,
2026-07-24T07:27:07.301332,2026-07-24T07:26:56+00:00,480,inbound,AMTM,4335,Cascades,Joyce_Green_Lane_Terminus,,,51.442898,0.336516,337
2026-07-24T07:27:07.301332,2026-07-24T07:17:57+00:00,480,outbound,AMTM,4338,Joyce_Green_Lane_Terminus,Cascades_Leisure_Centre,,,51.459145,0.226188,
2026-07-24T07:27:07.301332,2026-07-24T07:26:43+00:00,700,inbound,AMTM,4346,Waterfront_Bus_Station,Bus_Station,,,51.437748,0.276068,
2026-07-24T07:27:07.301332,2026-07-24T07:26:45+00:00,190,outbound,AMTM,4354,Barrack_Row,Waterfront_Bus_Station,,,51.433993,0.391841,
2026-07-24T07:30:58.498173,2026-07-24T07:30:50+00:00,281,inbound,AKSS,1466,Barnetts_Way,Parsonage_Close,,,51.15525,0.27627,
2026-07-24T07:30:58.498173,2026-07-24T07:30:48+00:00,281,outbound,AKSS,1501,Parsonage_Close,Barnetts_Way,,,51.151148,0.262066,77
2026-07-24T07:30:58.498173,2026-07-23T21:06:56+00:00,277,outbound,AKSS,1502,Railway_Station,Tunbridge_Wells_Hospital,2026-07-23T20:45:00+00:00,2026-07-23T21:10:00+00:00,51.154758,0.295441,65
2026-07-24T07:30:58.498173,2026-07-24T07:30:47+00:00,277,inbound,AKSS,1503,Tunbridge_Wells_Hospital,Railway_Station,2026-07-24T06:55:00+00:00,2026-07-24T07:30:00+00:00,51.129903,0.263301,11
2026-07-24T07:30:58.498173,2026-07-24T06:35:16+00:00,281,outbound,AKSS,1522,Parsonage_Close,Barnetts_Way,,,51.154616,0.273033,
2026-07-24T07:30:58.498173,2026-07-24T07:30:36+00:00,177,inbound,AKSS,1650,Alexandra_Hospital,Plantation_Road,,,51.347,0.522413,74
2026-07-24T07:30:58.498173,2026-07-24T07:30:50+00:00,146,inbound,AKSS,1651,The_George,Waterfront_Bus_Station,,,51.383923,0.52379,211
2026-07-24T07:30:58.498173,2026-07-24T07:30:49+00:00,146,outbound,AKSS,1652,Waterfront_Bus_Station,The_George,,,51.36904,0.508966,177
2026-07-24T07:30:58.498173,2026-07-23T17:58:14+00:00,146,inbound,AKSS,1653,The_George,Waterfront_Bus_Station,,,51.384208,0.52368,
2026-07-24T07:30:58.498173,2026-07-24T07:30:44+00:00,146,inbound,AKSS,1654,The_George,Waterfront_Bus_Station,,,51.367055,0.50107,89
2026-07-24T07:30:58.498173,2026-07-24T07:30:38+00:00,2,inbound,AKSS,1655,Chatham_Railway_Station,Dockside_Outlet,,,51.401353,0.535878,289
2026-07-24T07:30:58.498173,2026-07-24T07:15:16+00:00,281,inbound,AKSS,1656,Barnetts_Way,Parsonage_Close,,,51.134293,0.263765,181
2026-07-24T07:30:58.498173,2026-07-24T07:23:33+00:00,281,inbound,AKSS,1657,Barnetts_Way,Parsonage_Close,,,51.152293,0.27103,155
2026-07-24T07:30:58.498173,2026-07-24T07:30:48+00:00,219,outbound,AKSS,1658,Quarry_Hill_Parade,Pinnacles,2026-07-24T07:30:00+00:00,2026-07-24T07:46:00+00:00,51.190775,0.270178,
2026-07-24T07:30:58.498173,2026-07-23T17:09:14+00:00,281,outbound,AKSS,1659,Parsonage_Close,Barnetts_Way,,,51.1382,0.228016,
2026-07-24T07:30:58.498173,2026-07-24T07:30:34+00:00,277,inbound,AKSS,2484,Tunbridge_Wells_Hospital,Railway_Station,2026-07-24T07:35:00+00:00,2026-07-24T08:06:00+00:00,51.148093,0.307315,
2026-07-24T07:30:58.498173,2026-07-24T07:09:49+00:00,219,inbound,AKSS,2951,Pinnacles,Tunbridge_Wells_Hospital,2026-07-24T06:33:00+00:00,2026-07-24T07:13:00+00:00,51.148358,0.306841,
2026-07-24T07:30:58.498173,2026-07-23T12:06:01+00:00,218,inbound,AKSS,2956,Pinnacles,Quarry_Hill_Parade,2026-07-23T11:35:00+00:00,2026-07-23T12:00:00+00:00,51.200001,0.276436,
2026-07-24T07:30:58.498173,2026-07-24T06:09:10+00:00,6H,inbound,AKSS,3020,Railway_Station,Tunbridge_Wells_Hospital,2026-07-24T05:48:00+00:00,2026-07-24T06:05:00+00:00,51.14812,0.307403,
2026-07-24T07:30:58.498173,2026-07-23T17:12:19+00:00,402,inbound,AKSS,3908,Old_West_Station_Sainsbury_s,Knole_Academy,,,51.271293,0.193503,
2026-07-24T07:30:58.498173,2026-07-24T07:26:55+00:00,82,inbound,AKSS,4071,Parade,Royal_Star_Arcade,2026-07-24T07:09:00+00:00,2026-07-24T07:41:00+00:00,51.264956,0.526801,
2026-07-24T07:30:58.498173,2026-07-24T07:30:42+00:00,85,inbound,AKSS,4072,Hever_Close,Chequers_Bus_Station,2026-07-24T07:23:00+00:00,2026-07-24T07:46:00+00:00,51.255401,0.545361,
2026-07-24T07:30:58.498173,2026-07-24T07:30:47+00:00,82,outbound,AKSS,4074,Royal_Star_Arcade,Parade,2026-07-24T07:06:00+00:00,2026-07-24T07:31:00+00:00,51.240393,0.556753,
2026-07-24T07:30:58.498173,2026-07-24T07:30:45+00:00,82,inbound,AKSS,4075,Parade,Royal_Star_Arcade,2026-07-24T07:22:00+00:00,2026-07-24T07:53:00+00:00,51.241173,0.559011,355
2026-07-24T07:30:58.498173,2026-07-23T18:12:26+00:00,176,inbound,AKSS,4142,Alexandra_Hospital,Plantation_Road,,,51.388531,0.573693,
2026-07-24T07:30:58.498173,2026-07-23T23:00:53+00:00,166,inbound,AKSS,4143,The_Kestrel_Shopping_Centre,Waterfront_Bus_Station,2026-07-23T22:41:00+00:00,2026-07-23T23:12:00+00:00,51.377043,0.53651,
2026-07-24T07:30:58.498173,2026-07-24T07:30:45+00:00,1,outbound,AKSS,4144,The_Strand,Chatham_Railway_Station,2026-07-24T07:18:00+00:00,2026-07-24T07:43:00+00:00,51.401541,0.534506,283
2026-07-24T07:30:58.498173,2026-07-24T07:30:37+00:00,700,inbound,AKSS,4145,Waterfront_Bus_Station,Bus_Station,,,51.394021,0.498076,334
2026-07-24T07:30:58.498173,2026-07-24T07:15:17+00:00,140,inbound,AKSS,4146,Waterfront_Bus_Station,Bligh_Way_Shops,,,51.388098,0.466703,328
2026-07-24T07:30:58.498173,2026-07-23T15:28:59+00:00,191,inbound,AKSS,4150,Marina,Waterfront_Bus_Station,2026-07-23T13:14:00+00:00,2026-07-23T13:58:00+00:00,51.402735,0.513503,
2026-07-24T07:30:58.498173,2026-07-24T07:30:33+00:00,164,outbound,AKSS,4152,Waterfront_Bus_Station,Chatham_Grove,2026-07-24T07:45:00+00:00,2026-07-24T07:58:00+00:00,51.38408,0.523768,
2026-07-24T07:30:58.498173,2026-07-24T07:30:20+00:00,166,inbound,AKSS,4154,The_Kestrel_Shopping_Centre,Waterfront_Bus_Station,,,51.385091,0.524573,
2026-07-24T07:30:58.498173,2026-07-24T07:30:36+00:00,219,inbound,AKSS,4217,Pinnacles,Tunbridge_Wells_Hospital,2026-07-24T07:08:00+00:00,2026-07-24T07:53:00+00:00,51.202126,0.277333,188
2026-07-24T07:30:58.498173,2026-07-24T07:30:41+00:00,116,outbound,AKSS,4219,Waterfront_Bus_Station,Hempstead_Valley_Shopping_Centre,2026-07-24T07:05:00+00:00,2026-07-24T08:11:00+00:00,51.378998,0.544211,122
2026-07-24T07:30:58.498173,2026-07-24T07:18:46+00:00,132,outbound,AKSS,4220,Hempstead_Valley_Shopping_Centre,Grammar_Schools,,,51.385253,0.5243,
2026-07-24T07:30:58.498173,2026-07-24T07:30:27+00:00,1,inbound,AKSS,4221,Chatham_Railway_Station,Plantation_Road,,,51.380713,0.521341,314
2026-07-24T07:30:58.498173,2026-07-24T07:30:49+00:00,176,outbound,AKSS,4222,Plantation_Road,Alexandra_Hospital,,,51.339421,0.52004,107
2026-07-24T07:30:58.498173,2026-07-24T07:30:37+00:00,132,outbound,AKSS,4223,Hempstead_Valley_Shopping_Centre,Grammar_Schools,,,51.380235,0.530455,
2026-07-24T07:30:58.498173,2026-07-23T16:29:54+00:00,140,outbound,AKSS,4224,Bligh_Way_Shops,Waterfront_Bus_Station,2026-07-23T15:56:00+00:00,2026-07-23T16:29:00+00:00,51.384666,0.524025,
2026-07-24T07:30:58.498173,2026-07-24T07:12:47+00:00,116,outbound,AKSS,4261,Waterfront_Bus_Station,Hempstead_Valley_Shopping_Centre,2026-07-24T06:20:00+00:00,2026-07-24T07:33:00+00:00,51.353983,0.59155,
2026-07-24T07:30:58.498173,2026-07-24T07:30:29+00:00,175,outbound,AKSS,4262,King_Street,Waterfront_Bus_Station,,,51.37521,0.543978,302
2026-07-24T07:30:58.498173,2026-07-24T07:30:51+00:00,175,inbound,AKSS,4263,Waterfront_Bus_Station,King_Street,,,51.378578,0.546631,
2026-07-24T07:30:58.498173,2026-07-24T07:23:23+00:00,177,inbound,AKSS,4264,Alexandra_Hospital,Plantation_Road,,,51.385008,0.52454,
2026-07-24T07:30:58.498173,2026-07-24T07:30:43+00:00,132,outbound,AKSS,4266,Hempstead_Valley_Shopping_Centre,Waterfront_Bus_Station,2026-07-24T07:30:00+00:00,2026-07-24T08:22:00+00:00,51.34034,0.572431,
2026-07-24T07:30:58.498173,2026-07-24T07:30:22+00:00,176,inbound,AKSS,4268,Alexandra_Hospital,Plantation_Road,,,51.362513,0.521553,354
2026-07-24T07:30:58.498173,2026-07-24T07:30:27+00:00,176,inbound,AKSS,4269,Alexandra_Hospital,Plantation_Road,,,51.395093,0.55386,85
2026-07-24T07:30:58.498173,2026-07-24T07:20:01+00:00,132,inbound,AKSS,4270,Grammar_Schools,Hempstead_Valley_Shopping_Centre,,,51.38554,0.524845,55
2026-07-24T07:30:58.498173,2026-07-24T07:30:47+00:00,182,inbound,AKSS,4271,Shops,Waterfront_Bus_Station,,,51.379488,0.577761,286
2026-07-24T07:30:58.498173,2026-07-24T07:30:39+00:00,141,outbound,AKSS,4272,Bligh_Way_Shops,Waterfront_Bus_Station,,,51.393878,0.498513,
2026-07-24T07:30:58.498173,2026-07-24T07:30:36+00:00,182,inbound,AKSS,4273,Shops,Waterfront_Bus_Station,,,51.371135,0.593118,38
2026-07-24T07:30:58.498173,2026-07-24T05:42:05+00:00,166,inbound,AKSS,4280,The_Kestrel_Shopping_Centre,Waterfront_Bus_Station,2026-07-24T04:40:00+00:00,2026-07-24T05:13:00+00:00,51.380675,0.52141,
2026-07-24T07:30:58.498173,2026-07-23T17:02:06+00:00,191,inbound,AKSS,4281,Lapwing_Road,Waterfront_Bus_Station,,,51.433823,0.563891,
2026-07-24T07:30:58.498173,2026-07-24T07:24:33+00:00,85,inbound,AKSS,4282,Hever_Close,Chequers_Bus_Station,2026-07-24T07:05:00+00:00,2026-07-24T07:28:00+00:00,51.273086,0.526448,
2026-07-24T07:30:58.498173,2026-07-23T18:13:41+00:00,85,inbound,AKSS,4283,Hever_Close,Chequers_Bus_Station,2026-07-23T17:59:00+00:00,2026-07-23T18:16:00+00:00,51.272213,0.527123,
2026-07-24T07:30:58.498173,2026-07-24T07:30:49+00:00,85,outbound,AKSS,4284,Chequers_Bus_Station,Hever_Close,2026-07-24T07:15:00+00:00,2026-07-24T07:36:00+00:00,51.254123,0.551595,99
2026-07-24T07:30:58.498173,2026-07-24T07:30:50+00:00,182,inbound,AKSS,4289,Shops,Waterfront_Bus_Station,,,51.387745,0.547621,287
2026-07-24T07:30:58.498173,2026-07-24T07:30:47+00:00,140,inbound,AKSS,4290,Waterfront_Bus_Station,Bligh_Way_Shops,,,51.390493,0.504546,326
2026-07-24T07:30:58.498173,2026-07-24T07:30:46+00:00,132,inbound,AKSS,4291,Grammar_Schools,Hempstead_Valley_Shopping_Centre,,,51.340641,0.573131,268
2026-07-24T07:30:58.498173,2026-07-24T07:30:44+00:00,166,outbound,AKSS,4292,Chatham_Railway_Station,Lordswood_Close,,,51.344118,0.537456,177
2026-07-24T07:30:58.498173,2026-07-23T22:48:57+00:00,132,inbound,AKSS,4293,Waterfront_Bus_Station,Hempstead_Valley_Shopping_Centre,2026-07-23T22:23:00+00:00,2026-07-23T22:52:00+00:00,51.342448,0.580056,335
2026-07-24T07:30:58.498173,2026-07-23T18:08:28+00:00,89,inbound,AKSS,4296,Spice_Lounge,King_Street,2026-07-23T17:39:00+00:00,2026-07-23T18:01:00+00:00,51.273918,0.523875,
2026-07-24T07:30:58.498173,2026-07-24T07:30:35+00:00,166,inbound,AKSS,4298,The_Kestrel_Shopping_Centre,Waterfront_Bus_Station,,,51.357478,0.542424,39
2026-07-24T07:30:58.498173,2026-07-24T07:30:50+00:00,140,outbound,AKSS,4299,Bligh_Way_Shops,Waterfront_Bus_Station,,,51.38235,0.514846,101
2026-07-24T07:30:58.498173,2026-07-24T07:30:47+00:00,176,outbound,AKSS,4300,Plantation_Road,Alexandra_Hospital,,,51.392046,0.549023,211
2026-07-24T07:30:58.498173,2026-07-24T07:30:43+00:00,182,outbound,AKSS,4308,Waterfront_Bus_Station,Beechings_Green,,,51.3847,0.523856,
2026-07-24T07:30:58.498173,2026-07-24T07:30:35+00:00,166,outbound,AKSS,4312,Chatham_Railway_Station,Lordswood_Close,,,51.377568,0.535843,135
2026-07-24T07:30:58.498173,2026-07-24T07:02:20+00:00,133,outbound,AKSS,4313,The_Six_Bells,Huntsmans_Corner,,,51.385088,0.524191,
2026-07-24T07:30:58.498173,2026-07-24T07:30:37+00:00,132,outbound,AKSS,4314,Hempstead_Valley_Shopping_Centre,Waterfront_Bus_Station,2026-07-24T07:10:00+00:00,2026-07-24T08:04:00+00:00,51.366373,0.595113,276
2026-07-24T07:30:58.498173,2026-07-24T07:25:46+00:00,182,inbound,AKSS,4316,Shops,Waterfront_Bus_Station,,,51.385401,0.525273,222
2026-07-24T07:30:58.498173,2026-07-24T07:17:54+00:00,166,outbound,AKSS,4317,Chatham_Railway_Station,Lordswood_Close,,,51.35797,0.542826,210
2026-07-24T07:30:58.498173,2026-07-23T07:37:28+00:00,182,inbound,AKSS,4319,Shops,Waterfront_Bus_Station,,,51.384576,0.523891,
2026-07-24T07:30:58.498173,2026-07-24T07:30:19+00:00,3,inbound,AKSS,4340,Maidstone_Hospital,Chequers_Bus_Station,2026-07-24T07:12:00+00:00,2026-07-24T07:40:00+00:00,51.272546,0.519356,51
2026-07-24T07:30:58.498173,2026-07-23T19:13:07+00:00,3,outbound,AKSS,4341,Chequers_Bus_Station,Maidstone_Hospital,2026-07-23T18:55:00+00:00,2026-07-23T19:12:00+00:00,51.273721,0.483211,
2026-07-24T07:30:58.498173,2026-07-24T07:30:46+00:00,218,inbound,AKSS,4349,Pinnacles,Quarry_Hill_Parade,2026-07-24T07:31:00+00:00,2026-07-24T08:00:00+00:00,51.20967,0.279561,
2026-07-24T07:30:58.498173,2026-07-24T07:30:32+00:00,82,outbound,AKSS,4350,Royal_Star_Arcade,Parade,2026-07-24T07:31:00+00:00,2026-07-24T07:56:00+00:00,51.273401,0.521726,
2026-07-24T07:30:58.498173,2026-07-24T07:30:46+00:00,3,outbound,AKSS,4351,Chequers_Bus_Station,Maidstone_Hospital,2026-07-24T07:23:00+00:00,2026-07-24T07:49:00+00:00,51.271148,0.515963,
2026-07-24T07:30:58.498173,2026-07-24T07:30:25+00:00,82,outbound,AKSS,4352,Royal_Star_Arcade,Parade,2026-07-24T07:18:00+00:00,2026-07-24T07:43:00+00:00,51.254273,0.53571,
2026-07-24T07:30:58.498173,2026-07-23T13:28:47+00:00,7,outbound,AKSS,4355,Chequers_Bus_Station,Railway_Station,2026-07-23T11:36:00+00:00,2026-07-23T13:04:00+00:00,51.273366,0.521665,
2026-07-24T07:30:58.498173,2026-07-24T07:30:26+00:00,3,inbound,AKSS,4471,Maidstone_Hospital,Chequers_Bus_Station,2026-07-24T07:35:00+00:00,2026-07-24T08:01:00+00:00,51.27375,0.483223,
2026-07-24T07:30:58.498173,2026-07-24T07:30:28+00:00,6,outbound,AKSS,5457,Invicta_Girls__Grammar_School,Railway_Station,,,51.230401,0.405353,221
2026-07-24T07:30:58.498173,2026-07-23T16:28:33+00:00,219,inbound,AKSS,5458,Pinnacles,Tunbridge_Wells_Hospital,2026-07-23T15:32:00+00:00,2026-07-23T16:16:00+00:00,51.160498,0.295956,
2026-07-24T07:30:58.498173,2026-07-24T07:30:18+00:00,177,outbound,AKSS,5459,Plantation_Road,Alexandra_Hospital,,,51.346546,0.51826,
2026-07-24T07:30:58.498173,2026-07-24T07:30:44+00:00,132,inbound,AKSS,5460,Grammar_Schools,Hempstead_Valley_Shopping_Centre,,,51.35034,0.596768,160
2026-07-24T07:30:58.498173,2026-07-23T18:19:42+00:00,700,outbound,AKSS,5463,Bus_Station,Waterfront_Bus_Station,2026-07-23T17:40:00+00:00,2026-07-23T18:16:00+00:00,51.38229,0.522533,
2026-07-24T07:30:58.498173,2026-07-24T07:30:27+00:00,191,outbound,AKSS,5466,Waterfront_Bus_Station,Lapwing_Road,,,51.473536,0.65428,254
2026-07-24T07:30:58.498173,2026-07-24T07:30:46+00:00,71,outbound,AKSS,5467,Chequers_Bus_Station,Railway_Station,2026-07-24T06:40:00+00:00,2026-07-24T07:37:00+00:00,51.32915,0.431836,62
2026-07-24T07:30:58.498173,2026-07-24T07:30:50+00:00,402,inbound,AKSS,6141,Old_West_Station_Sainsbury_s,Knole_Academy,,,51.217021,0.239045,294
2026-07-24T07:30:58.498173,2026-07-24T07:30:51+00:00,402,outbound,AKSS,6143,Rose_and_Crown,Old_West_Station_Sainsbury_s,,,51.265601,0.193725,152
2026-07-24T07:30:58.498173,2026-07-23T18:42:41+00:00,402,outbound,AKSS,6151,Bus_Station,Railway_Station,2026-07-23T18:00:00+00:00,2026-07-23T18:46:00+00:00,51.132508,0.26351,
2026-07-24T07:30:58.498173,2026-07-24T07:30:33+00:00,402,outbound,AKSS,6200,Rose_and_Crown,Old_West_Station_Sainsbury_s,,,51.152691,0.261103,162
2026-07-24T07:30:58.498173,2026-07-24T07:30:34+00:00,402,inbound,AKSS,6202,Old_West_Station_Sainsbury_s,Knole_Academy,,,51.1349,0.263521,358
2026-07-24T07:30:58.498173,2026-07-23T17:19:58+00:00,6,inbound,AKSS,6203,Railway_Station,Invicta_Girls__Grammar_School,,,51.217791,0.393785,109
2026-07-24T07:30:58.498173,2026-07-24T07:29:57+00:00,6,inbound,AKSS,6204,Railway_Station,Invicta_Girls__Grammar_School,,,51.254108,0.443425,74
2026-07-24T07:30:58.498173,2026-07-24T07:30:47+00:00,6,inbound,AKSS,6205,Railway_Station,Invicta_Girls__Grammar_School,,,51.130991,0.263826,
2026-07-24T07:30:58.498173,2026-07-24T07:30:23+00:00,82,outbound,AKSS,6402,Royal_Star_Arcade,Parade,2026-07-24T07:44:00+00:00,2026-07-24T08:09:00+00:00,51.273228,0.521475,
2026-07-24T07:30:58.498173,2026-07-23T17:32:08+00:00,12,outbound,AKSS,6472,Royal_Star_Arcade,The_Vine,2026-07-23T17:00:00+00:00,2026-07-23T18:10:00+00:00,51.227286,0.589951,143
2026-07-24T07:30:58.498173,2026-07-23T17:14:46+00:00,176,inbound,AKSS,6473,Alexandra_Hospital,Plantation_Road,,,51.388341,0.574216,291
2026-07-24T07:30:58.498173,2026-07-24T07:30:38+00:00,116,inbound,AKSS,6474,Hempstead_Valley_Shopping_Centre,Waterfront_Bus_Station,2026-07-24T07:21:00+00:00,2026-07-24T08:28:00+00:00,51.344963,0.598449,5
2026-07-24T07:30:58.498173,2026-07-23T23:20:55+00:00,132,inbound,AKSS,6475,Waterfront_Bus_Station,Hempstead_Valley_Shopping_Centre,2026-07-23T22:53:00+00:00,2026-07-23T23:22:00+00:00,51.340506,0.573029,
2026-07-24T07:30:58.498173,2026-07-23T17:08:46+00:00,101,inbound,AKSS,6476,Shops,Chequers_Bus_Station,,,51.273618,0.527021,
2026-07-24T07:30:58.498173,2026-07-23T11:53:26+00:00,155,outbound,AKSS,6477,Village_Surgery,Waterfront_Bus_Station,2026-07-23T11:40:00+00:00,2026-07-23T11:56:00+00:00,51.38229,0.522801,30
2026-07-24T07:30:58.498173,2026-07-23T16:37:42+00:00,101,inbound,AKSS,6478,Shops,Chequers_Bus_Station,,,51.272405,0.5268,
2026-07-24T07:30:58.498173,2026-07-23T17:32:29+00:00,101,outbound,AKSS,6479,Chequers_Bus_Station,Duncan_Road,2026-07-23T16:34:00+00:00,2026-07-23T17:32:00+00:00,51.38437,0.55061,
2026-07-24T07:30:58.498173,2026-07-24T07:30:37+00:00,191,outbound,AKSS,6480,Waterfront_Bus_Station,Lapwing_Road,,,51.384751,0.524386,
2026-07-24T07:30:58.498173,2026-07-23T17:47:30+00:00,175,inbound,AKSS,6481,Waterfront_Bus_Station,King_Street,,,51.387455,0.54911,
2026-07-24T07:30:58.498173,2026-07-24T07:30:50+00:00,7,outbound,AKSS,6482,Chequers_Bus_Station,Railway_Station,2026-07-24T06:48:00+00:00,2026-07-24T08:29:00+00:00,51.251561,0.373409,148
2026-07-24T07:30:58.498173,2026-07-23T17:54:37+00:00,191,outbound,AKSS,6483,Waterfront_Bus_Station,Lapwing_Road,,,51.386648,0.550875,
2026-07-24T07:30:58.498173,2026-07-23T17:49:02+00:00,182,inbound,AKSS,6484,Beechings_Green,Waterfront_Bus_Station,2026-07-23T17:23:00+00:00,2026-07-23T17:49:00+00:00,51.384346,0.523986,173
2026-07-24T07:30:58.498173,2026-07-24T07:30:20+00:00,89,outbound,AKSS,6492,King_Street,Spice_Lounge,2026-07-24T07:12:00+00:00,2026-07-24T07:44:00+00:00,51.253483,0.527558,201
2026-07-24T07:30:58.498173,2026-07-24T07:30:13+00:00,7,inbound,AKSS,6500,Railway_Station,Chequers_Bus_Station,2026-07-24T06:29:00+00:00,2026-07-24T08:00:00+00:00,51.259231,0.38026,69
2026-07-24T07:30:58.498173,2026-07-24T07:30:36+00:00,6X,outbound,AKSS,6501,Maidstone_Hospital,Tunbridge_Wells_Hospital,2026-07-24T07:05:00+00:00,2026-07-24T07:49:00+00:00,51.238701,0.41059,191
2026-07-24T07:30:58.498173,2026-07-24T07:30:19+00:00,7,inbound,AKSS,6502,Railway_Station,Chequers_Bus_Station,2026-07-24T06:54:00+00:00,2026-07-24T08:23:00+00:00,51.195921,0.275153,
2026-07-24T07:30:58.498173,2026-07-24T07:06:50+00:00,5,inbound,AKSS,6503,The_Eight_Bells,Invicta_Girls__Grammar_School,2026-07-24T05:44:00+00:00,2026-07-24T07:12:00+00:00,51.273108,0.526691,
2026-07-24T07:30:58.498173,2026-07-24T07:30:33+00:00,71,inbound,AKSS,6504,Railway_Station,Chequers_Bus_Station,2026-07-24T06:39:00+00:00,2026-07-24T07:55:00+00:00,51.292745,0.476438,
2026-07-24T07:30:58.498173,2026-07-24T06:55:33+00:00,9,inbound,AKSS,6505,Pennine_Way,Oakwood_Park,2026-07-24T06:11:00+00:00,2026-07-24T07:17:00+00:00,51.273395,0.526753,
2026-07-24T07:30:58.498173,2026-07-24T07:05:06+00:00,12,inbound,AKSS,6509,The_Vine,Invicta_Girls__Grammar_School,2026-07-24T06:01:00+00:00,2026-07-24T07:23:00+00:00,51.273015,0.520723,56
2026-07-24T07:30:58.498173,2026-07-24T07:30:01+00:00,7,inbound,AKSS,6510,Railway_Station,Chequers_Bus_Station,2026-07-24T06:10:00+00:00,2026-07-24T07:35:00+00:00,51.272498,0.52678,
2026-07-24T07:30:58.498173,2026-07-23T19:06:57+00:00,82,inbound,AKSS,6511,Parade,Royal_Star_Arcade,2026-07-23T18:50:00+00:00,2026-07-23T19:07:00+00:00,51.273575,0.521501,
2026-07-24T07:30:58.498173,2026-07-24T07:30:30+00:00,71,outbound,AKSS,6512,Chequers_Bus_Station,Lunsford_Park_Tesco,2026-07-24T07:10:00+00:00,2026-07-24T07:52:00+00:00,51.292598,0.481393,267
2026-07-24T07:30:58.498173,2026-07-24T07:30:40+00:00,89,inbound,AKSS,6513,Spice_Lounge,King_Street,2026-07-24T07:06:00+00:00,2026-07-24T07:35:00+00:00,51.271553,0.521436,
2026-07-24T07:30:58.498173,2026-07-24T07:27:48+00:00,5,outbound,AKSS,6514,Chequers_Bus_Station,The_Eight_Bells,2026-07-24T06:12:00+00:00,2026-07-24T07:26:00+00:00,51.061981,0.506826,184
2026-07-24T07:30:58.498173,2026-07-24T07:26:43+00:00,5,inbound,AKSS,6516,The_Eight_Bells,Chequers_Bus_Station,2026-07-24T08:35:00+00:00,2026-07-24T09:44:00+00:00,51.273836,0.524244,
2026-07-24T07:30:58.498173,2026-07-23T18:13:22+00:00,72,inbound,AKSS,6520,Asda,Chequers_Bus_Station,2026-07-23T17:22:00+00:00,2026-07-23T18:14:00+00:00,51.273325,0.526843,
2026-07-24T07:30:58.498173,2026-07-24T07:30:45+00:00,7,outbound,AKSS,6522,Chequers_Bus_Station,Railway_Station,2026-07-24T07:27:00+00:00,2026-07-24T08:59:00+00:00,51.273463,0.521881,
2026-07-24T07:30:58.498173,2026-07-24T07:30:38+00:00,6X,inbound,AKSS,6532,Tunbridge_Wells_Hospital,Maidstone_Hospital,2026-07-24T07:12:00+00:00,2026-07-24T07:50:00+00:00,51.243926,0.41104,6
2026-07-24T07:30:58.498173,2026-07-24T07:30:42+00:00,7,outbound,AKSS,6533,Chequers_Bus_Station,Railway_Station,2026-07-24T06:05:00+00:00,2026-07-24T07:48:00+00:00,51.140363,0.260611,161
2026-07-24T07:30:58.498173,2026-07-24T07:30:21+00:00,12,outbound,AKSS,6535,Royal_Star_Arcade,The_Vine,,,51.10416,0.65138,107
2026-07-24T07:30:58.498173,2026-07-24T07:30:29+00:00,71,inbound,AKSS,6537,Railway_Station,Chequers_Bus_Station,2026-07-24T07:18:00+00:00,2026-07-24T08:16:00+00:00,51.310346,0.440656,
2026-07-24T07:30:58.498173,2026-07-23T21:06:39+00:00,6X,inbound,AKSS,6538,Tunbridge_Wells_Hospital,Maidstone_Hospital,2026-07-23T20:31:00+00:00,2026-07-23T21:01:00+00:00,51.270513,0.525515,164
2026-07-24T07:30:58.498173,2026-07-24T07:30:19+00:00,7,inbound,AKSS,6539,Railway_Station,Chequers_Bus_Station,2026-07-24T07:35:00+00:00,2026-07-24T08:56:00+00:00,51.130951,0.26334,
2026-07-24T07:30:58.498173,2026-07-24T07:30:24+00:00,7,outbound,AKSS,6541,Chequers_Bus_Station,Railway_Station,2026-07-24T06:27:00+00:00,2026-07-24T08:10:00+00:00,51.196026,0.275338,166
2026-07-24T07:30:58.498173,2026-07-24T07:30:51+00:00,72,outbound,AKSS,6542,Chequers_Bus_Station,Asda,2026-07-24T07:30:00+00:00,2026-07-24T08:22:00+00:00,51.272095,0.526535,
2026-07-24T07:30:58.498173,2026-07-24T07:30:31+00:00,141,outbound,AKSS,6543,Bligh_Way_Shops,Waterfront_Bus_Station,,,51.394843,0.46052,
2026-07-24T07:30:58.498173,2026-07-23T21:04:12+00:00,700,outbound,AKSS,6558,Bus_Station,Waterfront_Bus_Station,2026-07-23T20:32:00+00:00,2026-07-23T21:06:00+00:00,51.385035,0.524143,
2026-07-24T07:30:58.498173,2026-07-24T07:30:49+00:00,101,outbound,AKSS,6559,Chequers_Bus_Station,Beechings_Green,,,51.38075,0.521363,
2026-07-24T07:30:58.498173,2026-07-24T07:30:36+00:00,101,outbound,AKSS,6561,Chequers_Bus_Station,Beechings_Green,,,51.283315,0.518003,359
2026-07-24T07:30:58.498173,2026-07-24T07:30:49+00:00,101,outbound,AKSS,6562,Chequers_Bus_Station,Beechings_Green,,,51.353043,0.508711,81
2026-07-24T07:30:58.498173,2026-07-24T07:30:21+00:00,101,outbound,AKSS,6563,Chequers_Bus_Station,Beechings_Green,,,51.273765,0.526563,291
2026-07-24T07:30:58.498173,2026-07-24T07:30:49+00:00,191,inbound,AKSS,6564,Lapwing_Road,Waterfront_Bus_Station,,,51.414888,0.518795,238
2026-07-24T07:30:58.498173,2026-07-24T07:30:32+00:00,101,outbound,AKSS,6565,Chequers_Bus_Station,Beechings_Green,,,51.391806,0.526726,21
2026-07-24T07:30:58.498173,2026-07-24T07:29:30+00:00,101,outbound,AKSS,6566,Chequers_Bus_Station,Beechings_Green,,,51.382845,0.550675,
2026-07-24T07:30:58.498173,2026-07-24T07:30:35+00:00,101,inbound,AKSS,6567,Shops,Chequers_Bus_Station,,,51.352721,0.508421,
2026-07-24T07:30:58.498173,2026-07-24T07:30:45+00:00,101,inbound,AKSS,6568,Shops,Chequers_Bus_Station,,,51.39145,0.535828,312
2026-07-24T07:30:58.498173,2026-07-24T07:30:35+00:00,101,inbound,AKSS,6569,Duncan_Road,Chequers_Bus_Station,2026-07-24T07:11:00+00:00,2026-07-24T08:09:00+00:00,51.382428,0.523043,195
2026-07-24T07:30:58.498173,2026-07-24T07:30:42+00:00,101,inbound,AKSS,6570,Shops,Chequers_Bus_Station,,,51.383636,0.548985,6
2026-07-24T07:30:58.498173,2026-07-24T07:26:58+00:00,101,inbound,AKSS,6571,Shops,Chequers_Bus_Station,,,51.27253,0.52678,10
2026-07-24T07:30:58.498173,2026-07-23T11:16:43+00:00,182,inbound,AKSS,SP_GM,Beechings_Green,Waterfront_Bus_Station,2026-07-23T10:59:00+00:00,2026-07-23T11:26:00+00:00,51.384143,0.550363,
2026-07-24T07:30:58.498173,2026-07-23T19:48:46+00:00,RR,outbound,AKSS,SP_TW,Rail_Replacement,Rail_Replacement,,,51.161798,0.256043,
2026-07-24T07:30:58.498173,2026-07-24T07:25:53+00:00,483,outbound,AMTM,1563,Barrack_Row,Bus_Station,2026-07-24T06:39:00+00:00,2026-07-24T07:25:00+00:00,51.437756,0.275125,
2026-07-24T07:30:58.498173,2026-07-23T21:31:13+00:00,480,outbound,AMTM,1613,Joyce_Green_Lane_Terminus,Barrack_Row,2026-07-23T20:40:00+00:00,2026-07-23T21:31:00+00:00,51.441846,0.366105,
2026-07-24T07:30:58.498173,2026-07-24T07:30:33+00:00,414,inbound,AMTM,1633,Home_Gardens,Gorringe_Avenue,2026-07-24T08:00:00+00:00,2026-07-24T08:21:00+00:00,51.447781,0.218919,
2026-07-24T07:30:58.498173,2026-07-24T07:30:41+00:00,481,outbound,AMTM,1641,Cascades,Bus_Station,,,51.419466,0.400388,
2026-07-24T07:30:58.498173,2026-07-24T07:30:40+00:00,483,inbound,AMTM,2325,Bus_Station,Barrack_Row,2026-07-24T06:56:00+00:00,2026-07-24T07:51:00+00:00,51.426183,0.3403,
2026-07-24T07:30:58.498173,2026-07-24T07:30:51+00:00,482,inbound,AMTM,2326,Barrack_Row,Mungo_Park_Road,2026-07-24T07:17:00+00:00,2026-07-24T07:33:00+00:00,51.415286,0.380748,344
2026-07-24T07:30:58.498173,2026-07-24T07:30:21+00:00,483,outbound,AMTM,2327,Barrack_Row,Bus_Station,2026-07-24T07:19:00+00:00,2026-07-24T08:06:00+00:00,51.424376,0.353183,166
2026-07-24T07:30:58.498173,2026-07-24T07:30:33+00:00,491,outbound,AMTM,4088,Barrack_Row,Cascades_Leisure_Centre,2026-07-24T07:28:00+00:00,2026-07-24T07:50:00+00:00,51.444596,0.370913,127
2026-07-24T07:30:58.498173,2026-07-23T18:33:32+00:00,490,inbound,AMTM,4089,Mackenzie_Way_Shops,Barrack_Row,2026-07-23T18:20:00+00:00,2026-07-23T18:35:00+00:00,51.440513,0.368276,
2026-07-24T07:30:58.498173,2026-07-24T07:21:04+00:00,491,outbound,AMTM,4090,Barrack_Row,Cascades_Leisure_Centre,2026-07-24T07:04:00+00:00,2026-07-24T07:25:00+00:00,51.419605,0.400473,
2026-07-24T07:30:58.498173,2026-07-24T07:30:37+00:00,480,outbound,AMTM,4091,Joyce_Green_Lane_Terminus,Cascades_Leisure_Centre,,,51.441746,0.233348,101
2026-07-24T07:30:58.498173,2026-07-24T07:30:36+00:00,490,outbound,AMTM,4092,Home_Gardens,Cascades_Leisure_Centre,,,51.414128,0.386115,
2026-07-24T07:30:58.498173,2026-07-24T07:30:23+00:00,491,inbound,AMTM,4306,Cascades,Barrack_Row,,,51.439093,0.382001,271
2026-07-24T07:30:58.498173,2026-07-24T07:30:47+00:00,480,inbound,AMTM,4307,Barrack_Row,Joyce_Green_Lane_Terminus,2026-07-24T06:36:00+00:00,2026-07-24T07:50:00+00:00,51.451708,0.234173,51
2026-07-24T07:30:58.498173,2026-07-23T14:22:05+00:00,190,inbound,AMTM,4310,Waterfront_Bus_Station,Barrack_Row,,,51.440483,0.368296,
2026-07-24T07:30:58.498173,2026-07-24T07:30:24+00:00,190,inbound,AMTM,4311,Waterfront_Bus_Station,Barrack_Row,,,51.412678,0.455185,304
2026-07-24T07:30:58.498173,2026-07-24T07:14:28+00:00,190,inbound,AMTM,4315,Waterfront_Bus_Station,Barrack_Row,,,51.441838,0.365345,
2026-07-24T07:30:58.498173,2026-07-24T07:30:43+00:00,480,inbound,AMTM,4323,Cascades,Joyce_Green_Lane_Terminus,,,51.441736,0.366119,
2026-07-24T07:30:58.498173,2026-07-24T07:30:41+00:00,480,outbound,AMTM,4324,Joyce_Green_Lane_Terminus,Cascades_Leisure_Centre,,,51.443838,0.32524,359
2026-07-24T07:30:58.498173,2026-07-24T07:30:40+00:00,480,inbound,AMTM,4325,Cascades,Joyce_Green_Lane_Terminus,,,51.44637,0.263675,253
2026-07-24T07:30:58.498173,2026-07-24T07:30:27+00:00,480,inbound,AMTM,4326,Cascades,Joyce_Green_Lane_Terminus,,,51.441705,0.365645,
2026-07-24T07:30:58.498173,2026-07-24T05:59:05+00:00,480,inbound,AMTM,4328,Barrack_Row,Joyce_Green_Lane_Terminus,2026-07-24T05:09:00+00:00,2026-07-24T06:03:00+00:00,51.459053,0.226195,
2026-07-24T07:30:58.498173,2026-07-24T07:30:47+00:00,190,outbound,AMTM,4329,Barrack_Row,Waterfront_Bus_Station,,,51.385148,0.524621,
2026-07-24T07:30:58.498173,2026-07-24T07:30:47+00:00,480,outbound,AMTM,4330,Joyce_Green_Lane_Terminus,Cascades_Leisure_Centre,,,51.437706,0.276358,105
2026-07-24T07:30:58.498173,2026-07-24T07:30:23+00:00,490,inbound,AMTM,4332,Cascades_Leisure_Centre,Prospect_Place,,,51.43166,0.386885,42
2026-07-24T07:30:58.498173,2026-07-24T07:15:09+00:00,700,outbound,AMTM,4333,Bus_Station,Waterfront_Bus_Station,,,51.384763,0.524495,
2026-07-24T07:30:58.498173,2026-07-24T07:30:41+00:00,480,inbound,AMTM,4334,Barrack_Row,Joyce_Green_Lane_Terminus,2026-07-24T07:06:00+00:00,2026-07-24T08:15:00+00:00,51.45051,0.289328,257
2026-07-24T07:30:58.498173,2026-07-24T07:30:30+00:00,480,inbound,AMTM,4335,Cascades,Joyce_Green_Lane_Terminus,,,51.444383,0.324943,138
2026-07-24T07:30:58.498173,2026-07-24T07:17:57+00:00,480,outbound,AMTM,4338,Joyce_Green_Lane_Terminus,Cascades_Leisure_Centre,,,51.459145,0.226188,
2026-07-24T07:30:58.498173,2026-07-24T07:30:34+00:00,700,inbound,AMTM,4346,Waterfront_Bus_Station,Bus_Station,,,51.43767,0.276156,
2026-07-24T07:30:58.498173,2026-07-24T07:30:32+00:00,190,outbound,AMTM,4354,Barrack_Row,Waterfront_Bus_Station,,,51.431605,0.403095,121
